BEGIN TRANSACTION;
CREATE TABLE IF NOT EXISTS "Item" (
	"ItemID"	INTEGER NOT NULL,
	"ProServiceID"	INTEGER NOT NULL,
	"ItemName"	TEXT,
	"Enabled"	INTEGER DEFAULT 1,
	PRIMARY KEY("ItemID" AUTOINCREMENT),
	FOREIGN KEY("ProServiceID") REFERENCES "ProfessionalService"("ProServiceID")
);
CREATE TABLE IF NOT EXISTS "ProfessionalService" (
	"ProServiceID"	INTEGER NOT NULL,
	"ProServiceName"	TEXT,
	"Enabled"	INTEGER DEFAULT 1,
	PRIMARY KEY("ProServiceID" AUTOINCREMENT)
);
CREATE TABLE IF NOT EXISTS "Task" (
	"TaskID"	INTEGER NOT NULL,
	"ProServiceID"	INTEGER NOT NULL,
	"TaskName"	TEXT,
	"Enabled"	INTEGER DEFAULT 1,
	PRIMARY KEY("TaskID" AUTOINCREMENT),
	FOREIGN KEY("ProServiceID") REFERENCES "ProfessionalService"("ProServiceID")
);
CREATE TABLE IF NOT EXISTS "Client" (
	"ClientID"	INTEGER NOT NULL,
	"ClientName"	TEXT,
	"AddressLine1"	TEXT,
	"AddressLine2"	TEXT,
	"City"	TEXT,
	"State"	TEXT,
	"Zip"	TEXT,
	"Enabled"	INTEGER DEFAULT 1,
	"Rate"	INTEGER,
	PRIMARY KEY("ClientID" AUTOINCREMENT)
);
CREATE TABLE IF NOT EXISTS "Record" (
	"RowID"	INTEGER NOT NULL,
	"Client"	TEXT,
	"ProService"	TEXT,
	"Task"	TEXT,
	"Item"	TEXT,
	"Date"	TEXT,
	"StartTime"	TEXT,
	"EndTime"	TEXT,
	"Hours"	TEXT,
	"ReimbursableCost"	TEXT,
	"Description"	TEXT,
	"Comments"	TEXT,
	"StartTimeOnly"	TEXT,
	"EndTimeOnly"	TEXT,
	"CreateDate"	TEXT,
	PRIMARY KEY("RowID" AUTOINCREMENT)
);
INSERT INTO "Item" VALUES (1,1,'Meeting',1);
INSERT INTO "Item" VALUES (2,1,'Travel',1);
INSERT INTO "Item" VALUES (3,1,'Meeting Prep',1);
INSERT INTO "Item" VALUES (4,1,'Document Prep',1);
INSERT INTO "Item" VALUES (5,1,'Staff Report',1);
INSERT INTO "ProfessionalService" VALUES (1,'Continuing Service',1);
INSERT INTO "ProfessionalService" VALUES (2,'Contract Project',1);
INSERT INTO "ProfessionalService" VALUES (3,'Reimbursable',1);
INSERT INTO "Task" VALUES (1,1,'Board/Council',1);
INSERT INTO "Task" VALUES (2,1,'Planning Commission',1);
INSERT INTO "Task" VALUES (3,1,'Zoning Board of Appeals',1);
INSERT INTO "Task" VALUES (4,1,'Planning/Zoning Consult',1);
INSERT INTO "Task" VALUES (5,1,'Communications',1);
INSERT INTO "Task" VALUES (6,2,'Administrative Deliverable',1);
INSERT INTO "Task" VALUES (7,2,'Board/Committee Meeting',1);
INSERT INTO "Task" VALUES (8,2,'Staff/Project Team Meeting',1);
INSERT INTO "Task" VALUES (9,2,'Public Engagement',1);
INSERT INTO "Task" VALUES (10,2,'Project Development',1);
INSERT INTO "Task" VALUES (11,2,'Additional (Outside Project Scope)',1);
INSERT INTO "Task" VALUES (12,3,'Copies',1);
INSERT INTO "Task" VALUES (13,3,'Prints',1);
INSERT INTO "Task" VALUES (14,3,'Supplies',1);
INSERT INTO "Task" VALUES (15,3,'Postage',1);
INSERT INTO "Task" VALUES (16,3,'Mileage',1);
INSERT INTO "Client" VALUES (1,'City of Bangor DDA','257 West Monroe Street',NULL,'Bangor','MI','49013',1,100);
INSERT INTO "Client" VALUES (2,'Batavia Township',NULL,NULL,NULL,'MI',NULL,1,86);
INSERT INTO "Client" VALUES (3,'City of Hastings','235 East Main Street','Suite 105','Northville','MI','48167',1,86);
INSERT INTO "Client" VALUES (4,'Covert Township','235 East Main Street','Suite 105','Northville','MI','48167',1,86);
INSERT INTO "Client" VALUES (5,'Mason Township','17049 US-12',NULL,'Union','MI','49112',1,100);
INSERT INTO "Client" VALUES (6,'City of Parchment','650 South Riverview Drive',NULL,'Parchment','MI','49004',1,75);
INSERT INTO "Client" VALUES (7,'Paw Paw Township',NULL,NULL,NULL,'MI',NULL,1,75);
INSERT INTO "Client" VALUES (8,'Pine Grove Township','26520 CR 388',NULL,'Gobles','MI','49055',1,75);
INSERT INTO "Client" VALUES (9,'Praireville Township','10115 South Norris Road',NULL,'Delton','MI','49046',1,50);
INSERT INTO "Client" VALUES (10,'Ross Township','12086 M-89',NULL,'Richland','MI','49083',1,60);
INSERT INTO "Client" VALUES (11,'Van Buren County',NULL,NULL,NULL,'MI',NULL,1,100);
INSERT INTO "Client" VALUES (12,'Village of Paw Paw','111 East Michigan Avenue',NULL,'Paw Paw','MI','49079',1,50);
INSERT INTO "Client" VALUES (13,'Village of Richland','8100 North 32nd Street',NULL,'Richland','MI','49083',1,50);
INSERT INTO "Client" VALUES (14,'Village of Three Oaks','235 East Main Street',NULL,'Northville','MI','48167',1,92);
INSERT INTO "Client" VALUES (15,'Yankee Springs Township','284 North Briggs Road',NULL,'Middleville','MI','49333',1,50);
INSERT INTO "Client" VALUES (16,'Rutland Township','235 East Main Street',NULL,'Northville','MI','48167',1,92);
INSERT INTO "Client" VALUES (17,'McKenna','235 East Main Street',NULL,'Northville','MI','48167',1,92);
INSERT INTO "Record" VALUES (1,'City of Hastings','Contract Project','Project Development','','2020-12-30','2020-12-30 02:30','2020-12-30 05:00','2.5','0','Master Plan - finalize for PC review','','02:30 AM','05:00 AM','2021-01-01 13:12:33');
INSERT INTO "Record" VALUES (7,'City of Hastings','Contract Project','Project Development','','2020-12-31','2020-12-31 14:00','2020-12-31 14:30','0.5','0','Master Plan - proof final draft','','02:00 PM','02:30 PM','2021-01-01 13:19:27');
INSERT INTO "Record" VALUES (13,'City of Hastings','Continuing Service','Planning Commission','Meeting','2021-01-04','2021-01-04 19:00','2021-01-04 20:15','1.25','0','','','07:00 PM','08:15 PM','2021-01-04 20:46:45');
INSERT INTO "Record" VALUES (18,'Village of Three Oaks','Continuing Service','Planning Commission','Meeting','2021-01-05','2021-01-05 19:00','2021-01-05 20:45','1.75','0','','','07:00 PM','08:45 PM','2021-01-05 20:45:13');
INSERT INTO "Record" VALUES (21,'Ross Township','Continuing Service','Communications','','2021-01-06','2021-01-06 12:00','2021-01-06 12:15','0.25','0','AGS - Gene''s Marine','','12:00 PM','12:15 PM','2021-01-06 13:17:06');
INSERT INTO "Record" VALUES (22,'Ross Township','Continuing Service','Zoning Board of Appeals','Meeting Prep','2021-01-06','2021-01-06 13:15','2021-01-06 13:30','0.25','0','','','01:15 PM','01:30 PM','2021-01-06 13:41:52');
INSERT INTO "Record" VALUES (23,'City of Hastings','Contract Project','Project Development','','2021-01-06','2021-01-06 15:30','2021-01-06 17:00','1.5','0','Streetscape Plan - final review of revised plan','','03:30 PM','05:00 PM','2021-01-06 19:09:18');
INSERT INTO "Record" VALUES (24,'Ross Township','Continuing Service','Zoning Board of Appeals','Meeting','2021-01-06','2021-01-06 17:30','2021-01-06 19:15','1.75','0','','','05:30 PM','07:15 PM','2021-01-06 19:10:05');
INSERT INTO "Record" VALUES (25,'City of Hastings','Contract Project','Project Development','','2021-01-07','2021-01-07 10:00','2021-01-07 11:00','1','0','Streetscape Plan - review of final draft','','10:00 AM','11:00 AM','2021-01-07 11:04:20');
INSERT INTO "Record" VALUES (29,'Village of Paw Paw','Continuing Service','Planning Commission','Meeting','2021-01-07','2021-01-07 19:00','2021-01-07 21:30','2.5','0','','','07:00 PM','09:30 PM','2021-01-07 21:30:06');
INSERT INTO "Record" VALUES (35,'City of Parchment','Continuing Service','Communications','','2021-01-08','2021-01-08 09:15','2021-01-08 09:30','0.25','0','City Manager - ZBA Meeting','','09:15 AM','09:30 AM','2021-01-09 12:41:14');
INSERT INTO "Record" VALUES (40,'City of Bangor DDA','Continuing Service','Communications','','2021-01-12','2021-01-12 08:30','2021-01-12 08:45','0.25','0','DDA Treasurer','','08:30 AM','08:45 AM','2021-01-12 16:43:08');
INSERT INTO "Record" VALUES (45,'City of Hastings','Contract Project','Project Development','','2021-01-12','2021-01-12 17:00','2021-01-12 17:30','0.5','0','Streetscape Plan - final edits/cost estimates','','05:00 PM','05:30 PM','2021-01-12 17:32:41');
INSERT INTO "Record" VALUES (49,'Praireville Township','Continuing Service','Communications','','2021-01-13','2021-01-13 09:15','2021-01-13 09:45','0.5','0','Twn Clerk/PC Chair','','09:15 AM','09:45 AM','2021-01-13 09:46:51');
INSERT INTO "Record" VALUES (52,'City of Bangor DDA','Continuing Service','Communications','','2021-01-13','2021-01-13 11:00','2021-01-13 11:45','0.75','0','Hi-Tech/Ryan McFaddin','','11:00 AM','11:45 AM','2021-01-13 13:23:35');
INSERT INTO "Record" VALUES (53,'City of Bangor DDA','Continuing Service','Board/Council','Meeting Prep','2021-01-13','2021-01-13 11:45','2021-01-13 13:00','1.25','0','','','11:45 AM','01:00 PM','2021-01-13 13:24:07');
INSERT INTO "Record" VALUES (55,'City of Bangor DDA','Continuing Service','Board/Council','Meeting','2021-01-13','2021-01-13 19:00','2021-01-13 20:30','1.5','0','','','07:00 PM','08:30 PM','2021-01-13 20:21:21');
INSERT INTO "Record" VALUES (58,'Village of Three Oaks','Continuing Service','Communications','','2021-01-14','2021-01-14 09:15','2021-01-14 09:45','0.5','0','PC Chair','','09:15 AM','09:45 AM','2021-01-14 10:02:12');
INSERT INTO "Record" VALUES (60,'Village of Richland','Continuing Service','Communications','','2021-01-14','2021-01-14 16:00','2021-01-14 16:15','0.25','0','Village Clerk - ordinance consult','','04:00 PM','04:15 PM','2021-01-14 16:08:23');
INSERT INTO "Record" VALUES (62,'Praireville Township','Continuing Service','Communications','','2021-01-14','2021-01-14 16:15','2021-01-14 16:45','0.5','0','Barry County - FLU Map','','04:15 PM','04:45 PM','2021-01-14 17:58:54');
INSERT INTO "Record" VALUES (63,'Praireville Township','Continuing Service','Planning Commission','Document Prep','2021-01-14','2021-01-14 16:45','2021-01-14 18:00','1.25','0','Master Plan Update - final edits','','04:45 PM','06:00 PM','2021-01-14 17:59:41');
INSERT INTO "Record" VALUES (64,'Praireville Township','Continuing Service','Planning Commission','Meeting Prep','2021-01-14','2021-01-14 18:00','2021-01-14 18:15','0.25','0','','','06:00 PM','06:15 PM','2021-01-14 20:17:20');
INSERT INTO "Record" VALUES (65,'Praireville Township','Continuing Service','Planning Commission','Meeting','2021-01-14','2021-01-14 18:45','2021-01-14 20:15','1.5','0','','','06:45 PM','08:15 PM','2021-01-14 20:17:35');
INSERT INTO "Record" VALUES (67,'Praireville Township','Continuing Service','Communications','','2021-01-15','2021-01-15 12:15','2021-01-15 12:30','0.25','0','Twn Clerk','','12:15 PM','12:30 PM','2021-01-15 12:36:25');
INSERT INTO "Record" VALUES (71,'City of Hastings','Contract Project','Project Development','','2021-01-18','2021-01-18 16:30','2021-01-18 17:30','1','0','Streetscape Plan - cost estimates','','04:30 PM','05:30 PM','2021-01-18 17:44:30');
INSERT INTO "Record" VALUES (72,'Village of Three Oaks','Continuing Service','Board/Council','Document Prep','2021-01-18','2021-01-18 17:30','2021-01-18 18:30','1','0','Municipal License Application','','05:30 PM','06:30 PM','2021-01-19 11:14:47');
INSERT INTO "Record" VALUES (76,'Mason Township','Contract Project','Project Development','','2021-01-19','2021-01-19 10:30','2021-01-19 11:15','0.75','0','FLU Map','','10:30 AM','11:15 AM','2021-01-19 11:21:07');
INSERT INTO "Record" VALUES (79,'Mason Township','Contract Project','Project Development','','2021-01-19','2021-01-19 14:30','2021-01-19 15:00','0.5','0','MP Maps','','02:30 PM','03:00 PM','2021-01-19 15:33:00');
INSERT INTO "Record" VALUES (80,'Mason Township','Contract Project','Board/Committee Meeting','','2021-01-19','2021-01-19 07:00','2021-01-19 07:45','0.75','0','Map Update Proposal','','07:00 AM','07:45 AM','2021-01-19 20:05:17');
INSERT INTO "Record" VALUES (81,'Ross Township','Continuing Service','Communications','','2021-01-20','2021-01-20 09:45','2021-01-20 10:00','0.25','0','ZBA Meeting','','09:45 AM','10:00 AM','2021-01-20 09:52:45');
INSERT INTO "Record" VALUES (91,'Yankee Springs Township','Continuing Service','Planning Commission','Meeting','2021-01-21','2021-01-21 18:45','2021-01-21 20:45','2','0','','','06:45 PM','08:45 PM','2021-01-21 20:45:51');
INSERT INTO "Record" VALUES (96,'Pine Grove Township','Continuing Service','Communications','','2021-01-22','2021-01-22 11:30','2021-01-22 12:00','0.5','0','Twn Clerk, PC, Z.A.','','11:30 AM','12:00 PM','2021-01-22 12:57:37');
INSERT INTO "Record" VALUES (98,'City of Parchment','Continuing Service','Planning Commission','Document Prep','2021-01-22','2021-01-22 14:45','2021-01-22 16:45','2','0','PUD District Revisions','','02:45 PM','04:45 PM','2021-01-24 20:50:38');
INSERT INTO "Record" VALUES (99,'City of Parchment','Continuing Service','Planning Commission','Document Prep','2021-01-24','2021-01-24 19:00','2021-01-25 00:00','5','0','PUD District Revisions','','07:00 PM','12:00 AM','2021-01-25 10:13:44');
INSERT INTO "Record" VALUES (101,'City of Parchment','Continuing Service','Planning Commission','Document Prep','2021-01-25','2021-01-25 10:45','2021-01-25 11:00','0.25','0','Text Amendment - C-1 District','','10:45 AM','11:00 AM','2021-01-25 10:55:36');
INSERT INTO "Record" VALUES (102,'City of Parchment','Continuing Service','Planning Commission','Document Prep','2021-01-25','2021-01-25 12:45','2021-01-25 13:30','0.75','0','Text Amendment - C-1 District','','12:45 PM','01:30 PM','2021-01-25 16:06:17');
INSERT INTO "Record" VALUES (103,'Ross Township','Continuing Service','Planning Commission','Meeting Prep','2021-01-25','2021-01-25 15:45','2021-01-25 17:15','1.5','0','','','03:45 PM','05:15 PM','2021-01-25 17:13:06');
INSERT INTO "Record" VALUES (104,'Ross Township','Continuing Service','Planning Commission','Meeting','2021-01-25','2021-01-25 17:45','2021-01-25 20:15','2.5','0','','','05:45 PM','08:15 PM','2021-01-25 20:08:21');
INSERT INTO "Record" VALUES (109,'City of Parchment','Continuing Service','Planning Commission','Document Prep','2021-01-27','2021-01-27 09:45','2021-01-27 10:45','1','0','Text Amendment - C-1 District','','09:45 AM','10:45 AM','2021-01-27 12:02:33');
INSERT INTO "Record" VALUES (114,'City of Parchment','Continuing Service','Planning Commission','Document Prep','2021-01-27','2021-01-27 14:45','2021-01-27 16:30','1.75','0','Text Amendment - C-1 District','','02:45 PM','04:30 PM','2021-01-27 16:33:45');
INSERT INTO "Record" VALUES (116,'City of Parchment','Continuing Service','Planning Commission','Meeting','2021-01-27','2021-01-27 17:45','2021-01-27 19:45','2','0','','','05:45 PM','07:45 PM','2021-01-27 19:56:18');
INSERT INTO "Record" VALUES (120,'Village of Three Oaks','Continuing Service','Board/Council','Meeting','2021-01-28','2021-01-28 18:45','2021-01-28 21:00','2.25','0','Marihuana Ordinance Training Session','','06:45 PM','09:00 PM','2021-01-28 21:01:38');
INSERT INTO "Record" VALUES (129,'Village of Paw Paw','Continuing Service','Planning Commission','Document Prep','2021-01-04','2021-01-04 12:30','2021-01-04 14:00','1.5','0','Text Amendment - Fences','','12:30 PM','02:00 PM','2021-01-30 12:01:28');
INSERT INTO "Record" VALUES (130,'Village of Paw Paw','Continuing Service','Planning Commission','Document Prep','2021-01-04','2021-01-04 14:00','2021-01-04 14:30','0.5','0','PC Memo - Gateway PUD District','','02:00 PM','02:30 PM','2021-01-30 12:02:36');
INSERT INTO "Record" VALUES (132,'City of Hastings','Continuing Service','Planning Commission','Meeting Prep','2021-01-04','2021-01-04 18:15','2021-01-04 18:45','0.5','0','','','06:15 PM','06:45 PM','2021-01-30 12:04:46');
INSERT INTO "Record" VALUES (133,'City of Hastings','Continuing Service','Communications','','2021-01-04','2021-01-04 20:15','2021-01-04 20:45','0.5','0','City Manager/Community Development Director','email - work tasks/schedule','08:15 PM','08:45 PM','2021-01-30 12:06:20');
INSERT INTO "Record" VALUES (136,'Yankee Springs Township','Continuing Service','Planning/Zoning Consult','','2021-01-06','2021-01-06 11:00','2021-01-06 12:00','1','0','Twn Atty - pickleball courts','','11:00 AM','12:00 PM','2021-01-30 12:13:44');
INSERT INTO "Record" VALUES (137,'Village of Paw Paw','Continuing Service','Planning Commission','Meeting Prep','2021-01-04','2021-01-04 12:00','2021-01-04 12:30','0.5','0','','','12:00 PM','12:30 PM','2021-01-30 12:16:28');
INSERT INTO "Record" VALUES (143,'City of Bangor DDA','Continuing Service','Board/Council','Meeting Prep','2021-01-11','2021-01-11 10:15','2021-01-11 11:15','1','0','','','10:15 AM','11:15 AM','2021-01-30 12:26:30');
INSERT INTO "Record" VALUES (144,'City of Bangor DDA','Continuing Service','Board/Council','Meeting Prep','2021-01-11','2021-01-11 15:30','2021-01-11 16:00','0.5','0','','','03:30 PM','04:00 PM','2021-01-30 12:27:37');
INSERT INTO "Record" VALUES (145,'Yankee Springs Township','Continuing Service','Zoning Board of Appeals','Meeting Prep','2021-01-12','2021-01-12 17:30','2021-01-12 18:00','0.5','0','','','05:30 PM','06:00 PM','2021-01-30 12:29:54');
INSERT INTO "Record" VALUES (146,'Yankee Springs Township','Continuing Service','Zoning Board of Appeals','Meeting','2021-01-12','2021-01-12 18:45','2021-01-12 20:00','1.25','0','','','06:45 PM','08:00 PM','2021-01-30 12:30:52');
INSERT INTO "Record" VALUES (147,'City of Bangor DDA','Continuing Service','Board/Council','Meeting Prep','2021-01-13','2021-01-13 09:45','2021-01-13 10:30','0.75','0','','','09:45 AM','10:30 AM','2021-01-30 12:32:02');
INSERT INTO "Record" VALUES (148,'Yankee Springs Township','Continuing Service','Zoning Board of Appeals','Staff Report','2021-01-05','2021-01-05 03:30','2021-01-05 05:45','2.25','0','Variance Request - Hjelm','','03:30 AM','05:45 AM','2021-01-30 12:34:36');
INSERT INTO "Record" VALUES (149,'Ross Township','Continuing Service','Zoning Board of Appeals','Document Prep','2021-01-11','2021-01-11 14:30','2021-01-11 15:30','1','0','January Meeting Minutes','','02:30 PM','03:30 PM','2021-01-30 12:36:19');
INSERT INTO "Record" VALUES (150,'Village of Paw Paw','Continuing Service','Planning Commission','Document Prep','2021-01-04','2021-01-04 15:45','2021-01-04 17:45','2','0','November Meeting Minutes','','03:45 PM','05:45 PM','2021-01-30 12:37:09');
INSERT INTO "Record" VALUES (151,'Ross Township','Continuing Service','Zoning Board of Appeals','Document Prep','2021-01-12','2021-01-12 09:15','2021-01-12 11:00','1.75','0','January Meeting Minutes','','09:15 AM','11:00 AM','2021-01-30 12:37:55');
INSERT INTO "Record" VALUES (152,'Ross Township','Continuing Service','Zoning Board of Appeals','Document Prep','2021-01-12','2021-01-12 12:30','2021-01-12 14:00','1.5','0','January Meeting Minutes','','12:30 PM','02:00 PM','2021-01-30 12:38:28');
INSERT INTO "Record" VALUES (153,'Ross Township','Continuing Service','Zoning Board of Appeals','Document Prep','2021-01-12','2021-01-12 14:30','2021-01-12 15:00','0.5','0','January Meeting Minutes','','02:30 PM','03:00 PM','2021-01-30 12:39:02');
INSERT INTO "Record" VALUES (154,'Ross Township','Continuing Service','Zoning Board of Appeals','Document Prep','2021-01-12','2021-01-12 20:00','2021-01-12 20:30','0.5','0','January Meeting Minutes','','08:00 PM','08:30 PM','2021-01-30 12:39:48');
INSERT INTO "Record" VALUES (155,'Yankee Springs Township','Continuing Service','Planning Commission','Staff Report','2021-01-13','2021-01-13 16:30','2021-01-13 17:30','1','0','Rezoning Request - Godley','','04:30 PM','05:30 PM','2021-01-30 12:41:21');
INSERT INTO "Record" VALUES (156,'City of Hastings','Contract Project','Project Development','','2021-01-13','2021-01-13 18:30','2021-01-13 19:00','0.5','0','Streetscape Plan - finalize/submit','','06:30 PM','07:00 PM','2021-01-30 12:43:49');
INSERT INTO "Record" VALUES (158,'Yankee Springs Township','Continuing Service','Planning Commission','Staff Report','2021-01-14','2021-01-14 07:00','2021-01-14 07:30','0.5','0','Rezoning Request - Godley','','07:00 AM','07:30 AM','2021-01-30 12:48:46');
INSERT INTO "Record" VALUES (159,'Praireville Township','Continuing Service','Planning Commission','Document Prep','2021-01-14','2021-01-14 20:15','2021-01-14 22:15','2','0','January Meeting Minutes','','08:15 PM','10:15 PM','2021-01-30 12:50:50');
INSERT INTO "Record" VALUES (160,'Ross Township','Continuing Service','Planning Commission','Document Prep','2021-01-15','2021-01-15 15:45','2021-01-15 16:00','0.25','0','January ZBA Minutes','','03:45 PM','04:00 PM','2021-01-30 12:52:11');
INSERT INTO "Record" VALUES (161,'Village of Three Oaks','Continuing Service','Board/Council','Document Prep','2021-01-19','2021-01-19 15:00','2021-01-19 15:30','0.5','0','Municipal License Application','','03:00 PM','03:30 PM','2021-01-30 12:57:23');
INSERT INTO "Record" VALUES (166,'Praireville Township','Continuing Service','Communications','','2021-01-12','2021-01-12 14:00','2021-01-12 14:15','0.25','0','Twn Atty','','02:00 PM','02:15 PM','2021-01-30 13:25:55');
INSERT INTO "Record" VALUES (167,'City of Hastings','Continuing Service','Planning Commission','Staff Report','2020-12-30','2020-12-30 07:30','2020-12-30 11:00','3.5','0','SPA - Royal Coach PUD','','07:30 AM','11:00 AM','2021-01-30 13:29:03');
INSERT INTO "Record" VALUES (170,'City of Bangor DDA','Continuing Service','Communications','','2021-01-12','2021-01-12 14:15','2021-01-12 14:30','0.25','0','DDA Atty','','02:15 PM','02:30 PM','2021-01-30 13:34:43');
INSERT INTO "Record" VALUES (172,'Village of Three Oaks','Continuing Service','Communications','','2021-01-18','2021-01-18 13:45','2021-01-18 14:15','0.5','0','Village Manager - marihuana ordinance','','01:45 PM','02:15 PM','2021-01-30 13:36:19');
INSERT INTO "Record" VALUES (175,'City of Parchment','Continuing Service','Planning/Zoning Consult','','2020-12-30','2020-12-30 05:00','2020-12-30 07:00','2','0','SPR - 100 Island Drive','','05:00 AM','07:00 AM','2021-01-31 12:54:36');
INSERT INTO "Record" VALUES (176,'City of Parchment','Continuing Service','Communications','','2020-12-30','2020-12-30 07:00','2020-12-30 07:30','0.5','0','Applicant - 100 Island Drive','','07:00 AM','07:30 AM','2021-01-31 12:55:27');
INSERT INTO "Record" VALUES (179,'Yankee Springs Township','Continuing Service','Communications','','2021-01-05','2021-01-05 05:45','2021-01-05 08:45','3','0','Twn Clerk - pickleball courts/short term rentals','','05:45 AM','08:45 AM','2021-01-31 13:09:11');
INSERT INTO "Record" VALUES (180,'City of Parchment','Continuing Service','Planning/Zoning Consult','','2021-01-07','2021-01-07 11:00','2021-01-07 11:15','0.25','0','KABA - 634 N. Riverview','','11:00 AM','11:15 AM','2021-01-31 13:11:15');
INSERT INTO "Record" VALUES (181,'Village of Three Oaks','Continuing Service','Communications','','2021-01-19','2021-01-19 09:30','2021-01-19 09:45','0.25','0','Village Manager - marihuana ordinance','','09:30 AM','09:45 AM','2021-01-31 13:15:16');
INSERT INTO "Record" VALUES (183,'Village of Three Oaks','Continuing Service','Communications','','2021-01-14','2021-01-14 10:00','2021-01-14 11:00','1','0','Village Manager - marihuana ordinance','','10:00 AM','11:00 AM','2021-01-31 13:18:23');
INSERT INTO "Record" VALUES (184,'Village of Richland','Continuing Service','Communications','','2021-01-18','2021-01-18 14:15','2021-01-18 14:30','0.25','0','Village Clerk - ordinance consult','','02:15 PM','02:30 PM','2021-01-31 13:20:15');
INSERT INTO "Record" VALUES (185,'City of Parchment','Continuing Service','Communications','','2021-01-19','2021-01-19 09:45','2021-01-19 10:00','0.25','0','City Manager - ZBA Application','','09:45 AM','10:00 AM','2021-01-31 13:22:10');
INSERT INTO "Record" VALUES (186,'Village of Richland','Continuing Service','Communications','','2021-01-19','2021-01-19 10:15','2021-01-19 10:30','0.25','0','Village Clerk - ordinance consult','','10:15 AM','10:30 AM','2021-01-31 13:22:47');
INSERT INTO "Record" VALUES (187,'City of Parchment','Continuing Service','Communications','','2021-01-19','2021-01-19 12:30','2021-01-19 12:45','0.25','0','City Manager - ZBA Meeting','','12:30 PM','12:45 PM','2021-01-31 13:25:29');
INSERT INTO "Record" VALUES (188,'Village of Paw Paw','Continuing Service','Planning Commission','Meeting Prep','2021-01-29','2021-01-29 11:30','2021-01-29 12:00','0.5','0','','','11:30 AM','12:00 PM','2021-01-31 13:27:54');
INSERT INTO "Record" VALUES (189,'Village of Three Oaks','Continuing Service','Board/Council','Meeting Prep','2021-01-28','2021-01-28 14:00','2021-01-28 18:00','4','0','Marihuana Ordinance Training Session','','02:00 PM','06:00 PM','2021-01-31 13:29:31');
INSERT INTO "Record" VALUES (190,'Village of Three Oaks','Continuing Service','Board/Council','Meeting Prep','2021-01-28','2021-01-28 10:00','2021-01-28 13:00','3','0','Marihuana Ordinance Training Session','','10:00 AM','01:00 PM','2021-01-31 13:30:23');
INSERT INTO "Record" VALUES (191,'Village of Three Oaks','Continuing Service','Board/Council','Meeting Prep','2021-01-27','2021-01-27 16:30','2021-01-27 17:00','0.5','0','Marihuana Ordinance Training Session ','','04:30 PM','05:00 PM','2021-01-31 13:31:18');
INSERT INTO "Record" VALUES (192,'City of Parchment','Continuing Service','Planning/Zoning Consult','','2021-01-20','2021-01-20 10:15','2021-01-20 10:30','0.25','0','Architect/Applicant - 634 N. Riverview','','10:15 AM','10:30 AM','2021-01-31 13:35:24');
INSERT INTO "Record" VALUES (193,'City of Parchment','Continuing Service','Planning/Zoning Consult','','2020-12-30','2020-12-30 11:30','2020-12-30 12:00','0.5','0','KABA - 634 N. Riverview','','11:30 AM','12:00 PM','2021-01-31 13:36:03');
INSERT INTO "Record" VALUES (194,'City of Parchment','Continuing Service','Planning/Zoning Consult','','2021-01-20','2021-01-20 11:00','2021-01-20 11:15','0.25','0','Village Manager - ZBA Meeting','','11:00 AM','11:15 AM','2021-01-31 13:37:29');
INSERT INTO "Record" VALUES (195,'City of Hastings','Continuing Service','Planning/Zoning Consult','','2021-01-20','2021-01-20 10:30','2021-01-20 10:45','0.25','0','Community Development Director','','10:30 AM','10:45 AM','2021-01-31 13:39:20');
INSERT INTO "Record" VALUES (196,'Pine Grove Township','Continuing Service','Planning/Zoning Consult','','2021-01-21','2021-01-21 12:15','2021-01-21 12:45','0.5','0','PC - Loveland','','12:15 PM','12:45 PM','2021-01-31 14:46:23');
INSERT INTO "Record" VALUES (197,'Pine Grove Township','Continuing Service','Planning/Zoning Consult','','2021-01-21','2021-01-21 14:45','2021-01-21 16:15','1.5','0','PC - Loveland','','02:45 PM','04:15 PM','2021-01-31 14:47:06');
INSERT INTO "Record" VALUES (198,'Yankee Springs Township','Continuing Service','Communications','','2021-01-21','2021-01-21 20:45','2021-01-21 21:00','0.25','0','Twn Atty - ph notice','','08:45 PM','09:00 PM','2021-01-31 14:48:44');
INSERT INTO "Record" VALUES (199,'Pine Grove Township','Continuing Service','Communications','','2021-01-22','2021-01-22 11:00','2021-01-22 11:30','0.5','0','Twn Atty','','11:00 AM','11:30 AM','2021-01-31 14:50:27');
INSERT INTO "Record" VALUES (201,'Village of Three Oaks','Continuing Service','Board/Council','Document Prep','2021-01-26','2021-01-26 12:45','2021-01-26 14:00','1.25','0','Municipal License Application','','12:45 PM','02:00 PM','2021-01-31 14:55:04');
INSERT INTO "Record" VALUES (202,'Village of Three Oaks','Continuing Service','Board/Council','Document Prep','2021-01-26','2021-01-26 14:00','2021-01-26 14:30','0.5','0','Municipal License Application','','02:00 PM','02:30 PM','2021-01-31 14:55:59');
INSERT INTO "Record" VALUES (203,'City of Hastings','Continuing Service','Planning Commission','Document Prep','2021-01-26','2021-01-26 14:30','2021-01-26 17:00','2.5','0','Text Amendment - Keeping of Chickens (Draft #2); Density in B-1 District','','02:30 PM','05:00 PM','2021-01-31 14:59:50');
INSERT INTO "Record" VALUES (204,'City of Hastings','Continuing Service','Planning Commission','Document Prep','2020-12-30','2020-12-30 11:00','2020-12-30 11:30','0.5','0','Text Amendment - Density in B-1 District','','11:00 AM','11:30 AM','2021-01-31 15:00:26');
INSERT INTO "Record" VALUES (205,'Village of Three Oaks','Continuing Service','Communications','','2021-01-05','2021-01-05 17:15','2021-01-05 18:00','0.75','0','PC Chair - PC Meeting','','05:15 PM','06:00 PM','2021-01-31 15:12:11');
INSERT INTO "Record" VALUES (206,'Praireville Township','Continuing Service','Communications','','2021-01-08','2021-01-08 14:30','2021-01-08 14:45','0.25','0','Twn Atty - text amendments','','02:30 PM','02:45 PM','2021-01-31 15:13:06');
INSERT INTO "Record" VALUES (207,'Village of Three Oaks','Continuing Service','Communications','','2021-01-13','2021-01-13 10:30','2021-01-13 11:00','0.5','0','B. Neville - conditional rezoning','','10:30 AM','11:00 AM','2021-01-31 15:14:45');
INSERT INTO "Record" VALUES (208,'Pine Grove Township','Continuing Service','Planning/Zoning Consult','Document Prep','2021-01-21','2021-01-21 11:00','2021-01-21 12:15','1.25','0','Zoning Ordinance updates','','11:00 AM','12:15 PM','2021-01-31 15:16:36');
INSERT INTO "Record" VALUES (209,'Village of Three Oaks','Continuing Service','Planning/Zoning Consult','','2021-01-22','2021-01-22 09:30','2021-01-22 10:00','0.5','0','Applicant - conditional rezoning','','09:30 AM','10:00 AM','2021-01-31 15:17:37');
INSERT INTO "Record" VALUES (210,'Pine Grove Township','Continuing Service','Planning/Zoning Consult','','2021-01-22','2021-01-22 10:30','2021-01-22 11:00','0.5','0','Z.A. - Loveland','','10:30 AM','11:00 AM','2021-01-31 15:18:32');
INSERT INTO "Record" VALUES (213,'Village of Three Oaks','Continuing Service','Communications','','2021-01-27','2021-01-27 10:45','2021-01-27 11:30','0.75','0','Atty - Municipal License Application','','10:45 AM','11:30 AM','2021-01-31 15:23:12');
INSERT INTO "Record" VALUES (214,'Village of Three Oaks','Continuing Service','Board/Council','Document Prep','2021-01-20','2021-01-20 11:30','2021-01-20 14:00','2.5','0','Municipal License Application','','11:30 AM','02:00 PM','2021-01-31 15:24:49');
INSERT INTO "Record" VALUES (215,'Village of Three Oaks','Continuing Service','Board/Council','Document Prep','2021-01-20','2021-01-20 15:15','2021-01-20 17:00','1.75','0','Municipal License Application','','03:15 PM','05:00 PM','2021-01-31 15:26:27');
INSERT INTO "Record" VALUES (217,'Village of Three Oaks','Continuing Service','Board/Council','Document Prep','2021-01-27','2021-01-27 12:00','2021-01-27 12:45','0.75','0','Municipal License Application','','12:00 PM','12:45 PM','2021-02-01 09:51:04');
INSERT INTO "Record" VALUES (218,'City of Parchment','Continuing Service','Communications','','2021-01-27','2021-01-27 14:15','2021-01-27 14:45','0.5','0','City Manager & PC Chair','','02:15 PM','02:45 PM','2021-02-01 09:52:39');
INSERT INTO "Record" VALUES (219,'Pine Grove Township','Continuing Service','Planning/Zoning Consult','','2021-01-21','2021-01-21 16:15','2021-01-21 17:45','1.5','0','PC - Loveland','','04:15 PM','05:45 PM','2021-02-01 10:00:06');
INSERT INTO "Record" VALUES (220,'Village of Three Oaks','Continuing Service','Communications','','2021-01-25','2021-01-25 10:30','2021-01-25 10:45','0.25','0','Village Manager - marihuana ordinance','','10:30 AM','10:45 AM','2021-02-01 10:03:17');
INSERT INTO "Record" VALUES (221,'Village of Three Oaks','Continuing Service','Communications','','2021-01-27','2021-01-27 09:30','2021-01-27 09:45','0.25','0','Village Manager - marihuana ordinance','','09:30 AM','09:45 AM','2021-02-01 10:05:10');
INSERT INTO "Record" VALUES (222,'Village of Three Oaks','Continuing Service','Communications','','2021-01-27','2021-01-27 11:30','2021-01-27 12:00','0.5','0','Village Manager - marihuana ordinance','','11:30 AM','12:00 PM','2021-02-01 10:06:23');
INSERT INTO "Record" VALUES (224,'Village of Paw Paw','Continuing Service','Communications','','2021-01-29','2021-01-29 11:00','2021-01-29 11:30','0.5','0','Village Manager - PC Meeting','','11:00 AM','11:30 AM','2021-02-01 10:10:15');
INSERT INTO "Record" VALUES (225,'Village of Paw Paw','Continuing Service','Planning Commission','Document Prep','2021-01-29','2021-01-29 12:00','2021-01-29 13:45','1.75','0','January Meeting Minutes','','12:00 PM','01:45 PM','2021-02-01 10:10:50');
INSERT INTO "Record" VALUES (226,'Village of Paw Paw','Continuing Service','Planning Commission','Document Prep','2021-01-29','2021-01-29 16:15','2021-01-29 17:15','1','0','January Meeting Minutes','','04:15 PM','05:15 PM','2021-02-01 10:11:24');
INSERT INTO "Record" VALUES (227,'Village of Paw Paw','Continuing Service','Planning Commission','Meeting Prep','2021-02-01','2021-02-01 10:30','2021-02-01 10:45','0.25','0','','','10:30 AM','10:45 AM','2021-02-01 10:59:34');
INSERT INTO "Record" VALUES (228,'Village of Paw Paw','Continuing Service','Planning Commission','Document Prep','2021-02-01','2021-02-01 10:45','2021-02-01 12:30','1.75','0','Text Amendment - Waterfront Lots','','10:45 AM','12:30 PM','2021-02-01 12:34:01');
INSERT INTO "Record" VALUES (229,'Village of Paw Paw','Continuing Service','Planning Commission','Document Prep','2021-02-01','2021-02-01 13:45','2021-02-01 16:45','3','0','Text Amendment - Fences','','01:45 PM','04:45 PM','2021-02-01 16:48:57');
INSERT INTO "Record" VALUES (230,'Village of Paw Paw','Continuing Service','Communications','','2021-02-01','2021-02-01 16:45','2021-02-01 17:00','0.25','0','PC Member - orientation','','04:45 PM','05:00 PM','2021-02-01 17:04:09');
INSERT INTO "Record" VALUES (233,'City of Hastings','Continuing Service','Planning Commission','Meeting Prep','2021-02-01','2021-02-01 18:30','2021-02-01 19:00','0.5','0','','','06:30 PM','07:00 PM','2021-02-01 20:20:33');
INSERT INTO "Record" VALUES (234,'City of Hastings','Continuing Service','Planning Commission','Meeting','2021-02-01','2021-02-01 19:00','2021-02-01 20:15','1.25','0','','','07:00 PM','08:15 PM','2021-02-01 20:21:42');
INSERT INTO "Record" VALUES (235,'City of Hastings','Continuing Service','Communications','','2021-02-02','2021-02-02 10:15','2021-02-02 10:45','0.5','0','Community Development Director - MP & PC items','','10:15 AM','10:45 AM','2021-02-02 10:51:41');
INSERT INTO "Record" VALUES (236,'City of Hastings','Contract Project','Administrative Deliverable','','2021-02-02','2021-02-02 11:00','2021-02-02 11:30','0.5','0','Master Plan - final plan document for adoption process','','11:00 AM','11:30 AM','2021-02-02 11:34:27');
INSERT INTO "Record" VALUES (237,'Village of Three Oaks','Continuing Service','Board/Council','Document Prep','2021-02-02','2021-02-02 11:30','2021-02-02 11:45','0.25','0','Marihuana Ordinance Forms','','11:30 AM','11:45 AM','2021-02-02 11:59:38');
INSERT INTO "Record" VALUES (238,'Village of Three Oaks','Continuing Service','Planning Commission','Meeting Prep','2021-02-02','2021-02-02 13:30','2021-02-02 14:00','0.5','0','SLU Tutorial','','01:30 PM','02:00 PM','2021-02-02 15:53:42');
INSERT INTO "Record" VALUES (239,'Village of Three Oaks','Continuing Service','Planning Commission','Meeting Prep','2021-02-02','2021-02-02 16:00','2021-02-02 18:00','2','0','SLU Tutorial','','04:00 PM','06:00 PM','2021-02-02 19:24:23');
INSERT INTO "Record" VALUES (241,'Village of Three Oaks','Continuing Service','Planning Commission','Meeting','2021-02-02','2021-02-02 18:15','2021-02-02 20:15','2','0','','','06:15 PM','08:15 PM','2021-02-03 13:14:27');
INSERT INTO "Record" VALUES (242,'Village of Paw Paw','Continuing Service','Planning/Zoning Consult','Travel','2021-02-03','2021-02-03 09:30','2021-02-03 10:00','0.5','0','','','09:30 AM','10:00 AM','2021-02-03 13:17:26');
INSERT INTO "Record" VALUES (243,'Village of Paw Paw','Continuing Service','Planning/Zoning Consult','Meeting','2021-02-03','2021-02-03 10:00','2021-02-03 11:30','1.5','0','PC Member - orientation','','10:00 AM','11:30 AM','2021-02-03 13:18:20');
INSERT INTO "Record" VALUES (244,'Village of Paw Paw','Continuing Service','Planning/Zoning Consult','Travel','2021-02-03','2021-02-03 11:30','2021-02-03 12:00','0.5','0','','','11:30 AM','12:00 PM','2021-02-03 13:18:54');
INSERT INTO "Record" VALUES (245,'Rutland Township','Contract Project','Staff/Project Team Meeting','','2021-02-03','2021-02-03 13:00','2021-02-03 15:15','2.25','0','Marihuana Ordinances - review w/ Twn Atty','','01:00 PM','03:15 PM','2021-02-03 15:16:22');
INSERT INTO "Record" VALUES (246,'Rutland Township','Contract Project','Board/Committee Meeting','','2021-02-03','2021-02-03 19:00','2021-02-03 20:15','1.25','0','Marihuana Ordinances - PC Meeting','','07:00 PM','08:15 PM','2021-02-03 20:14:31');
INSERT INTO "Record" VALUES (247,'Yankee Springs Township','Continuing Service','Planning Commission','Document Prep','2021-02-03','2021-02-03 20:15','2021-02-03 21:15','1','0','PC Work Plan - update per PC Annual Report','','08:15 PM','09:15 PM','2021-02-03 21:13:21');
INSERT INTO "Record" VALUES (249,'Ross Township','Continuing Service','Planning Commission','Document Prep','2021-02-04','2021-02-04 11:45','2021-02-04 12:45','1','0','January Meeting Minutes','','11:45 AM','12:45 PM','2021-02-04 12:44:32');
INSERT INTO "Record" VALUES (250,'Ross Township','Continuing Service','Planning Commission','Document Prep','2021-02-04','2021-02-04 15:00','2021-02-04 18:30','3.5','0','January Meeting Minutes','','03:00 PM','06:30 PM','2021-02-04 18:36:00');
INSERT INTO "Record" VALUES (251,'Village of Paw Paw','Continuing Service','Planning Commission','Meeting Prep','2021-02-04','2021-02-04 18:30','2021-02-04 18:45','0.25','0','','','06:30 PM','06:45 PM','2021-02-04 18:36:28');
INSERT INTO "Record" VALUES (252,'Village of Paw Paw','Continuing Service','Planning Commission','Meeting','2021-02-04','2021-02-04 18:45','2021-02-04 20:30','1.75','0','','','06:45 PM','08:30 PM','2021-02-04 20:30:49');
INSERT INTO "Record" VALUES (253,'Village of Three Oaks','Continuing Service','Communications','','2021-02-05','2021-02-05 10:30','2021-02-05 10:45','0.25','0','Atty - Bidding Period Resolution','','10:30 AM','10:45 AM','2021-02-05 12:25:40');
INSERT INTO "Record" VALUES (254,'McKenna','Continuing Service','Communications','','2021-02-04','2021-02-04 10:00','2021-02-04 11:30','1.5','0','W. MI Coordinating Call','','10:00 AM','11:30 AM','2021-02-05 12:26:00');
INSERT INTO "Record" VALUES (255,'Ross Township','Continuing Service','Planning Commission','Document Prep','2021-02-04','2021-02-04 11:00','2021-02-04 12:15','1.25','0','January Meeting Minutes','','11:00 AM','12:15 PM','2021-02-05 12:27:46');
INSERT INTO "Record" VALUES (256,'Ross Township','Continuing Service','Planning Commission','Document Prep','2021-02-04','2021-02-04 15:30','2021-02-04 16:15','0.75','0','January Meeting Minutes','','03:30 PM','04:15 PM','2021-02-05 16:29:56');
INSERT INTO "Record" VALUES (257,'City of Hastings','Continuing Service','Communications','','2021-02-04','2021-02-04 16:15','2021-02-04 16:30','0.25','0','Master Plan/Streetscape Plan','','04:15 PM','04:30 PM','2021-02-05 16:31:00');
INSERT INTO "Record" VALUES (258,'Pine Grove Township','Continuing Service','Planning Commission','Document Prep','2019-05-09','2019-05-09 13:23','2019-05-09 14:23','1','0','Zoning Ordinance - Article 13; Cover; finalize','','01:23 PM','02:23 PM','2021-02-07 13:47:30');
INSERT INTO "Record" VALUES (259,'Pine Grove Township','Continuing Service','Planning Commission','Meeting Prep','2019-07-16','2019-07-16 13:30','2019-07-16 13:45','0.25','0','','','01:30 PM','01:45 PM','2021-02-07 13:50:31');
INSERT INTO "Record" VALUES (260,'Pine Grove Township','Continuing Service','Planning Commission','Travel','2019-07-16','2019-07-16 18:45','2019-07-16 19:00','0.25','0','','','06:45 PM','07:00 PM','2021-02-07 13:55:24');
INSERT INTO "Record" VALUES (261,'Pine Grove Township','Continuing Service','Planning Commission','Meeting','2019-07-16','2019-07-16 19:00','2019-07-16 20:30','1.5','0','','','07:00 PM','08:30 PM','2021-02-07 13:55:47');
INSERT INTO "Record" VALUES (263,'City of Parchment','Continuing Service','Planning/Zoning Consult','','2019-07-17','2019-07-17 14:00','2019-07-17 14:30','0.5','0','Applicant - 714 Shoppers Lane','','02:00 PM','02:30 PM','2021-02-07 13:59:14');
INSERT INTO "Record" VALUES (264,'City of Parchment','Continuing Service','Communications','','2019-07-17','2019-07-17 14:30','2019-07-17 15:30','1','0','KABA - Jason Scott property','','02:30 PM','03:30 PM','2021-02-07 14:00:04');
INSERT INTO "Record" VALUES (265,'City of Parchment','Continuing Service','Planning/Zoning Consult','','2019-07-22','2019-07-22 14:30','2019-07-22 15:00','0.5','0','Applicant - 502 Vale Street','','02:30 PM','03:00 PM','2021-02-07 14:01:00');
INSERT INTO "Record" VALUES (266,'City of Parchment','Continuing Service','Planning/Zoning Consult','','2019-07-25','2019-07-25 14:30','2019-07-25 15:00','0.5','0','Jason Scott','','02:30 PM','03:00 PM','2021-02-07 14:01:54');
INSERT INTO "Record" VALUES (267,'City of Parchment','Continuing Service','Planning/Zoning Consult','','2019-07-26','2019-07-26 14:30','2019-07-26 15:00','0.5','0','City Manager','','02:30 PM','03:00 PM','2021-02-07 14:02:45');
INSERT INTO "Record" VALUES (268,'City of Parchment','Continuing Service','Planning/Zoning Consult','','2019-07-29','2019-07-29 14:30','2019-07-29 15:00','0.5','0','Applicant - 714 Shoppers Lane','','02:30 PM','03:00 PM','2021-02-07 14:03:43');
INSERT INTO "Record" VALUES (269,'City of Parchment','Continuing Service','Planning Commission','Document Prep','2019-07-31','2019-07-31 14:30','2019-07-31 15:00','0.5','0','Public Hearing Notice - text amendment','','02:30 PM','03:00 PM','2021-02-07 14:06:17');
INSERT INTO "Record" VALUES (271,'City of Parchment','Continuing Service','Planning/Zoning Consult','','2019-08-19','2019-08-19 14:30','2019-08-19 15:00','0.5','0','City Manager','','02:30 PM','03:00 PM','2021-02-07 14:08:12');
INSERT INTO "Record" VALUES (272,'Pine Grove Township','Continuing Service','Communications','','2019-08-20','2019-08-20 14:30','2019-08-20 14:45','0.25','0','Supervisor','','02:30 PM','02:45 PM','2021-02-07 14:09:36');
INSERT INTO "Record" VALUES (273,'City of Parchment','Continuing Service','Planning/Zoning Consult','','2019-08-21','2019-08-21 15:00','2019-08-21 16:00','1','0','Site Plan Review - Hometown Pharmacy','','03:00 PM','04:00 PM','2021-02-07 14:15:02');
INSERT INTO "Record" VALUES (274,'City of Parchment','Continuing Service','Planning/Zoning Consult','Travel','2019-08-21','2019-08-21 14:45','2019-08-21 15:00','0.25','0','Site Plan Review - Hometown Pharmacy','','02:45 PM','03:00 PM','2021-02-07 14:16:24');
INSERT INTO "Record" VALUES (275,'City of Parchment','Continuing Service','Planning/Zoning Consult','Travel','2019-08-21','2019-08-21 16:00','2019-08-21 16:15','0.25','0','Site Plan Review - Hometown Pharmacy','','04:00 PM','04:15 PM','2021-02-07 14:16:56');
INSERT INTO "Record" VALUES (276,'City of Parchment','Continuing Service','Planning/Zoning Consult','','2019-08-26','2019-08-26 15:00','2019-08-26 16:00','1','0','City Manager & Applicant - Hometown Pharmacy','','03:00 PM','04:00 PM','2021-02-07 14:18:27');
INSERT INTO "Record" VALUES (277,'City of Parchment','Continuing Service','Planning/Zoning Consult','','2019-08-26','2019-08-26 16:00','2019-08-26 16:15','0.25','0','Applicant - Cornerview Cafe','','04:00 PM','04:15 PM','2021-02-07 14:19:03');
INSERT INTO "Record" VALUES (278,'Pine Grove Township','Continuing Service','Planning Commission','Travel','2019-07-16','2019-07-16 20:30','2019-07-16 20:45','0.25','0','','','08:30 PM','08:45 PM','2021-02-07 14:20:01');
INSERT INTO "Record" VALUES (281,'City of Parchment','Continuing Service','Planning/Zoning Consult','','2020-01-15','2020-01-15 14:30','2020-01-15 15:00','0.5','0','City Manager','','02:30 PM','03:00 PM','2021-02-07 14:40:30');
INSERT INTO "Record" VALUES (282,'City of Parchment','Continuing Service','Communications','','2019-09-05','2019-09-05 14:30','2019-09-05 15:00','0.5','0','KABA','','02:30 PM','03:00 PM','2021-02-07 14:41:11');
INSERT INTO "Record" VALUES (283,'City of Parchment','Continuing Service','Planning/Zoning Consult','','2020-01-20','2020-01-20 14:30','2020-01-20 15:15','0.75','0','Lou Reneya; City Manager','','02:30 PM','03:15 PM','2021-02-07 14:44:03');
INSERT INTO "Record" VALUES (284,'City of Parchment','Continuing Service','Planning/Zoning Consult','','2020-01-20','2020-01-20 15:15','2020-01-20 15:30','0.25','0','City Manager - Mill Property','','03:15 PM','03:30 PM','2021-02-07 14:44:50');
INSERT INTO "Record" VALUES (285,'City of Parchment','Continuing Service','Planning Commission','Meeting Prep','2020-01-29','2020-01-29 14:30','2020-01-29 15:30','1','0','','','02:30 PM','03:30 PM','2021-02-07 14:45:45');
INSERT INTO "Record" VALUES (286,'City of Parchment','Continuing Service','Planning Commission','Meeting','2020-01-29','2020-01-29 18:00','2020-01-29 19:15','1.25','0','','','06:00 PM','07:15 PM','2021-02-07 14:46:24');
INSERT INTO "Record" VALUES (287,'City of Parchment','Continuing Service','Planning Commission','Travel','2020-01-29','2020-01-29 17:45','2020-01-29 18:00','0.25','0','','','05:45 PM','06:00 PM','2021-02-07 14:46:51');
INSERT INTO "Record" VALUES (288,'City of Parchment','Continuing Service','Planning Commission','Travel','2020-01-29','2020-01-29 19:15','2020-01-29 19:30','0.25','0','','','07:15 PM','07:30 PM','2021-02-07 14:47:10');
INSERT INTO "Record" VALUES (289,'City of Parchment','Continuing Service','Planning/Zoning Consult','','2020-01-31','2020-01-31 19:15','2020-01-31 19:30','0.25','0','City Manager','','07:15 PM','07:30 PM','2021-02-07 14:47:44');
INSERT INTO "Record" VALUES (291,'City of Parchment','Continuing Service','Planning/Zoning Consult','','2020-02-17','2020-02-17 14:15','2020-02-17 14:30','0.25','0','City Manager','','02:15 PM','02:30 PM','2021-02-07 15:50:52');
INSERT INTO "Record" VALUES (296,'City of Parchment','Continuing Service','Planning/Zoning Consult','','2020-02-19','2020-02-19 14:15','2020-02-19 14:30','0.25','0','City Manager','','02:15 PM','02:30 PM','2021-02-07 15:55:39');
INSERT INTO "Record" VALUES (297,'Pine Grove Township','Continuing Service','Planning/Zoning Consult','','2020-02-07','2020-02-07 14:15','2020-02-07 15:15','1','0','PC Chair','','02:15 PM','03:15 PM','2021-02-07 15:56:38');
INSERT INTO "Record" VALUES (298,'Village of Richland','Continuing Service','Planning/Zoning Consult','','2020-02-12','2020-02-12 14:15','2020-02-12 14:30','0.25','0','Clerk','','02:15 PM','02:30 PM','2021-02-07 15:57:41');
INSERT INTO "Record" VALUES (299,'Village of Richland','Continuing Service','Planning/Zoning Consult','','2020-02-27','2020-02-27 14:15','2020-02-27 15:15','1','0','Clerk- signs','','02:15 PM','03:15 PM','2021-02-07 15:58:22');
INSERT INTO "Record" VALUES (300,'City of Parchment','Continuing Service','Communications','','2020-03-03','2020-03-03 14:15','2020-03-03 14:30','0.25','0','City Manager','','02:15 PM','02:30 PM','2021-02-07 15:59:39');
INSERT INTO "Record" VALUES (301,'City of Parchment','Continuing Service','Planning Commission','Staff Report','2020-03-16','2020-03-16 14:00','2020-03-16 18:00','4','0','Site Plan Review - 400 Island Avenue','','02:00 PM','06:00 PM','2021-02-07 16:01:07');
INSERT INTO "Record" VALUES (302,'City of Parchment','Continuing Service','Planning/Zoning Consult','','2020-02-18','2020-02-18 14:15','2020-02-18 15:15','1','0','Site Plan Review - 400 Island Avenue','','02:15 PM','03:15 PM','2021-02-07 16:01:26');
INSERT INTO "Record" VALUES (303,'City of Parchment','Continuing Service','Planning/Zoning Consult','','2020-02-18','2020-02-18 14:00','2020-02-18 14:30','0.5','0','Applicant - 400 Island Avenue','','02:00 PM','02:30 PM','2021-02-07 16:02:01');
INSERT INTO "Record" VALUES (304,'City of Parchment','Continuing Service','Planning/Zoning Consult','','2020-02-05','2020-02-05 14:15','2020-02-05 14:30','0.25','0','Applicant - 400 Island Avenue','','02:15 PM','02:30 PM','2021-02-07 16:02:24');
INSERT INTO "Record" VALUES (305,'City of Parchment','Continuing Service','Zoning Board of Appeals','Staff Report','2020-04-06','2020-04-06 14:15','2020-04-06 16:15','2','0','Variance Request - Solano','','02:15 PM','04:15 PM','2021-02-07 16:04:46');
INSERT INTO "Record" VALUES (306,'City of Parchment','Continuing Service','Communications','','2020-04-08','2020-04-08 14:15','2020-04-08 14:30','0.25','0','ZBA Member','','02:15 PM','02:30 PM','2021-02-07 16:05:48');
INSERT INTO "Record" VALUES (307,'City of Parchment','Continuing Service','Zoning Board of Appeals','Meeting','2020-04-09','2020-04-09 14:00','2020-04-09 14:30','0.5','0','','','02:00 PM','02:30 PM','2021-02-07 16:06:27');
INSERT INTO "Record" VALUES (308,'City of Parchment','Continuing Service','Planning Commission','Meeting Prep','2020-04-14','2020-04-14 14:00','2020-04-14 14:30','0.5','0','','','02:00 PM','02:30 PM','2021-02-07 16:06:54');
INSERT INTO "Record" VALUES (309,'City of Parchment','Continuing Service','Planning Commission','Meeting','2020-04-14','2020-04-14 14:00','2020-04-14 16:00','2','0','','','02:00 PM','04:00 PM','2021-02-07 16:07:16');
INSERT INTO "Record" VALUES (310,'City of Parchment','Continuing Service','Planning/Zoning Consult','','2020-04-15','2020-04-15 14:00','2020-04-15 16:00','2','0','April ZBA Minutes','','02:00 PM','04:00 PM','2021-02-07 16:08:07');
INSERT INTO "Record" VALUES (311,'City of Parchment','Continuing Service','Planning/Zoning Consult','','2020-04-16','2020-04-16 14:00','2020-04-16 15:15','1.25','0','PC Chair','','02:00 PM','03:15 PM','2021-02-07 16:08:45');
INSERT INTO "Record" VALUES (312,'City of Parchment','Continuing Service','Planning/Zoning Consult','','2020-04-23','2020-04-23 14:00','2020-04-23 16:00','2','0','April PC Minutes','','02:00 PM','04:00 PM','2021-02-07 16:09:23');
INSERT INTO "Record" VALUES (313,'City of Parchment','Continuing Service','Planning/Zoning Consult','','2020-04-25','2020-04-25 14:00','2020-04-25 16:00','2','0','Review Revised Site Plan - 400 Island Drive','','02:00 PM','04:00 PM','2021-02-07 16:11:39');
INSERT INTO "Record" VALUES (315,'City of Parchment','Continuing Service','Planning/Zoning Consult','','2020-04-25','2020-04-25 14:00','2020-04-25 14:30','0.5','0','Applicant - 701 Commerce Lane','','02:00 PM','02:30 PM','2021-02-07 16:13:01');
INSERT INTO "Record" VALUES (316,'City of Parchment','Continuing Service','Planning Commission','Meeting Prep','2020-04-28','2020-04-28 14:00','2020-04-28 14:30','0.5','0','','','02:00 PM','02:30 PM','2021-02-07 16:13:34');
INSERT INTO "Record" VALUES (317,'City of Parchment','Continuing Service','Planning Commission','Meeting','2020-04-28','2020-04-28 14:00','2020-04-28 14:30','0.5','0','','','02:00 PM','02:30 PM','2021-02-07 16:13:47');
INSERT INTO "Record" VALUES (318,'City of Parchment','Continuing Service','Planning/Zoning Consult','','2020-05-07','2020-05-07 14:00','2020-05-07 16:00','2','0','Review Screening Options - 400 Island Drive','','02:00 PM','04:00 PM','2021-02-07 16:15:44');
INSERT INTO "Record" VALUES (319,'City of Parchment','Continuing Service','Planning/Zoning Consult','','2020-05-08','2020-05-08 14:00','2020-05-08 14:15','0.25','0','Applicant - 400 Island Drive','','02:00 PM','02:15 PM','2021-02-07 16:16:26');
INSERT INTO "Record" VALUES (320,'City of Parchment','Continuing Service','Planning/Zoning Consult','','2020-05-12','2020-05-12 14:00','2020-05-12 14:45','0.75','0','Applicant - 634 N. Riverview','','02:00 PM','02:45 PM','2021-02-07 16:17:37');
INSERT INTO "Record" VALUES (321,'City of Parchment','Continuing Service','Planning/Zoning Consult','','2020-05-13','2020-05-13 14:00','2020-05-13 14:15','0.25','0','Appraiser - 400 Island Drive','','02:00 PM','02:15 PM','2021-02-07 16:18:13');
INSERT INTO "Record" VALUES (322,'City of Parchment','Continuing Service','Communications','','2020-05-14','2020-05-14 14:00','2020-05-14 14:15','0.25','0','City Manager - 400 Island Drive','','02:00 PM','02:15 PM','2021-02-07 16:19:07');
INSERT INTO "Record" VALUES (323,'City of Parchment','Continuing Service','Planning Commission','Staff Report','2020-05-19','2020-05-19 14:00','2020-05-19 17:30','3.5','0','Site Plan Amendment - 400 Island Drive','','02:00 PM','05:30 PM','2021-02-07 16:19:48');
INSERT INTO "Record" VALUES (325,'Village of Richland','Continuing Service','Communications','','2020-05-26','2020-05-26 14:00','2020-05-26 14:30','0.5','0','PC Chair - Master Plan Update','','02:00 PM','02:30 PM','2021-02-07 16:21:19');
INSERT INTO "Record" VALUES (326,'City of Parchment','Continuing Service','Planning Commission','Meeting','2020-05-20','2020-05-20 14:00','2020-05-20 15:00','1','0','','','02:00 PM','03:00 PM','2021-02-07 16:23:53');
INSERT INTO "Record" VALUES (327,'City of Parchment','Continuing Service','Communications','','2020-06-23','2020-06-23 14:00','2020-06-23 14:30','0.5','0','Zoning Approval Checklists - Solano; 400 Island Drive','','02:00 PM','02:30 PM','2021-02-07 16:25:26');
INSERT INTO "Record" VALUES (328,'Pine Grove Township','Continuing Service','Planning/Zoning Consult','','2020-06-10','2020-06-10 14:00','2020-06-10 14:30','0.5','0','Zoning Administrator','','02:00 PM','02:30 PM','2021-02-07 16:26:15');
INSERT INTO "Record" VALUES (329,'Pine Grove Township','Continuing Service','Communications','','2020-06-12','2020-06-12 14:00','2020-06-12 14:15','0.25','0','Twn Atty; Zoning Administrator','','02:00 PM','02:15 PM','2021-02-07 16:27:07');
INSERT INTO "Record" VALUES (330,'Pine Grove Township','Continuing Service','Planning/Zoning Consult','','2020-06-22','2020-06-22 14:00','2020-06-22 14:15','0.25','0','PC Member','','02:00 PM','02:15 PM','2021-02-07 16:27:33');
INSERT INTO "Record" VALUES (331,'City of Parchment','Continuing Service','Planning/Zoning Consult','','2020-07-21','2020-07-21 14:00','2020-07-21 14:15','0.25','0','Applicant - 701 Commerce Lane','','02:00 PM','02:15 PM','2021-02-07 16:29:05');
INSERT INTO "Record" VALUES (332,'City of Parchment','Continuing Service','Planning/Zoning Consult','','2020-07-21','2020-07-21 14:00','2020-07-21 14:15','0.25','0','City Manager','','02:00 PM','02:15 PM','2021-02-07 16:29:25');
INSERT INTO "Record" VALUES (333,'City of Parchment','Continuing Service','Planning/Zoning Consult','','2020-07-29','2020-07-29 14:00','2020-07-29 14:45','0.75','0','Applicants','','02:00 PM','02:45 PM','2021-02-07 16:29:53');
INSERT INTO "Record" VALUES (334,'Pine Grove Township','Continuing Service','Planning/Zoning Consult','','2020-07-20','2020-07-20 14:00','2020-07-20 14:30','0.5','0',' PC Chair','','02:00 PM','02:30 PM','2021-02-07 16:30:35');
INSERT INTO "Record" VALUES (335,'Pine Grove Township','Continuing Service','Planning Commission','Meeting Prep','2020-07-20','2020-07-20 14:00','2020-07-20 14:30','0.5','0','','','02:00 PM','02:30 PM','2021-02-07 16:31:02');
INSERT INTO "Record" VALUES (336,'Pine Grove Township','Continuing Service','Planning Commission','Meeting','2020-07-20','2020-07-20 14:00','2020-07-20 16:15','2.25','0','','','02:00 PM','04:15 PM','2021-02-07 16:31:37');
INSERT INTO "Record" VALUES (337,'Pine Grove Township','Continuing Service','Planning Commission','Travel','2020-07-20','2020-07-20 14:00','2020-07-20 14:30','0.5','0','','','02:00 PM','02:30 PM','2021-02-07 16:31:49');
INSERT INTO "Record" VALUES (338,'Village of Paw Paw','Continuing Service','Planning/Zoning Consult','','2021-02-08','2021-02-08 14:00','2021-02-08 14:15','0.25','0','Village Manager - accessory buildings','','02:00 PM','02:15 PM','2021-02-08 14:16:27');
INSERT INTO "Record" VALUES (339,'Yankee Springs Township','Continuing Service','Communications','','2021-02-08','2021-02-08 13:45','2021-02-08 14:00','0.25','0','Twn Atty - Ordinance & Notice of Adoption','','01:45 PM','02:00 PM','2021-02-08 14:18:47');
INSERT INTO "Record" VALUES (341,'Yankee Springs Township','Continuing Service','Communications','','2021-02-08','2021-02-08 13:30','2021-02-08 13:45','0.25','0','Twn Office - PC agenda/procedures','','01:30 PM','01:45 PM','2021-02-08 14:22:49');
INSERT INTO "Record" VALUES (342,'City of Bangor DDA','Continuing Service','Board/Council','Document Prep','2021-02-08','2021-02-08 14:45','2021-02-08 15:15','0.5','0','Agenda','','02:45 PM','03:15 PM','2021-02-08 15:39:42');
INSERT INTO "Record" VALUES (343,'City of Bangor DDA','Continuing Service','Communications','Meeting Prep','2021-02-08','2021-02-08 15:15','2021-02-08 15:30','0.25','0','','','03:15 PM','03:30 PM','2021-02-08 15:40:56');
INSERT INTO "Record" VALUES (345,'City of Bangor DDA','Continuing Service','Communications','','2021-02-08','2021-02-08 15:30','2021-02-08 15:45','0.25','0','Hi-Tech/Ryan McFaddin','','03:30 PM','03:45 PM','2021-02-08 15:49:42');
INSERT INTO "Record" VALUES (346,'City of Bangor DDA','Continuing Service','Board/Council','Document Prep','2021-02-08','2021-02-08 15:45','2021-02-08 16:15','0.5','0','Revised ITB - AmtrakSidewalk Connection','','03:45 PM','04:15 PM','2021-02-08 16:07:00');
INSERT INTO "Record" VALUES (348,'City of Bangor DDA','Continuing Service','Board/Council','Document Prep','2021-02-08','2021-02-08 16:15','2021-02-08 17:15','1','0','Revised DDA ByLaws','','04:15 PM','05:15 PM','2021-02-08 18:54:44');
INSERT INTO "Record" VALUES (349,'City of Bangor DDA','Continuing Service','Board/Council','Document Prep','2021-02-08','2021-02-08 19:00','2021-02-08 21:00','2','0','Revised DDA ByLaws','','07:00 PM','09:00 PM','2021-02-08 21:07:37');
INSERT INTO "Record" VALUES (350,'City of Bangor DDA','Continuing Service','Board/Council','Meeting Prep','2021-02-09','2021-02-09 09:30','2021-02-09 10:15','0.75','0','','','09:30 AM','10:15 AM','2021-02-09 10:20:43');
INSERT INTO "Record" VALUES (351,'Yankee Springs Township','Continuing Service','Communications','','2021-02-09','2021-02-09 10:15','2021-02-09 10:30','0.25','0','Twn Office','','10:15 AM','10:30 AM','2021-02-09 10:43:33');
INSERT INTO "Record" VALUES (352,'City of Bangor DDA','Continuing Service','Communications','','2021-02-09','2021-02-09 10:30','2021-02-09 10:45','0.25','0','Hi-Tech','','10:30 AM','10:45 AM','2021-02-09 10:44:10');
INSERT INTO "Record" VALUES (354,'City of Bangor DDA','Continuing Service','Board/Council','Meeting Prep','2021-02-09','2021-02-09 10:45','2021-02-09 11:30','0.75','0','','','10:45 AM','11:30 AM','2021-02-09 11:35:25');
INSERT INTO "Record" VALUES (355,'Praireville Township','Continuing Service','Planning Commission','Document Prep','2021-02-09','2021-02-09 11:30','2021-02-09 13:00','1.5','0','Agenda; Revised PC Bylaws','','11:30 AM','01:00 PM','2021-02-09 15:22:56');
INSERT INTO "Record" VALUES (356,'Village of Richland','Continuing Service','Planning/Zoning Consult','','2021-02-09','2021-02-09 14:30','2021-02-09 14:45','0.25','0','Village Clerk - signs','','02:30 PM','02:45 PM','2021-02-09 15:23:59');
INSERT INTO "Record" VALUES (357,'Village of Paw Paw','Continuing Service','Communications','','2021-02-09','2021-02-09 14:45','2021-02-09 15:00','0.25','0','Village Manager','','02:45 PM','03:00 PM','2021-02-09 15:24:50');
INSERT INTO "Record" VALUES (359,'Praireville Township','Continuing Service','Planning Commission','Document Prep','2021-02-09','2021-02-09 16:30','2021-02-09 19:15','2.75','0','Draft #1 - R-2 District Amendment','','04:30 PM','07:15 PM','2021-02-09 19:28:47');
INSERT INTO "Record" VALUES (360,'City of Bangor DDA','Continuing Service','Board/Council','Document Prep','2021-02-09','2021-02-09 20:15','2021-02-09 21:30','1.25','0','Revised DDA Bylaws','','08:15 PM','09:30 PM','2021-02-09 21:32:38');
INSERT INTO "Record" VALUES (361,'Village of Paw Paw','Continuing Service','Planning/Zoning Consult','','2021-02-10','2021-02-10 09:30','2021-02-10 11:00','1.5','0','Village Manager - signs','','09:30 AM','11:00 AM','2021-02-10 11:37:28');
INSERT INTO "Record" VALUES (362,'City of Hastings','Continuing Service','Communications','','2021-02-10','2021-02-10 11:30','2021-02-10 12:00','0.5','0','Community Development Director - Master Plan','','11:30 AM','12:00 PM','2021-02-10 12:17:11');
INSERT INTO "Record" VALUES (363,'Covert Township','Continuing Service','Planning/Zoning Consult','','2021-02-10','2021-02-10 12:45','2021-02-10 13:00','0.25','0','Variance Request','','12:45 PM','01:00 PM','2021-02-10 13:01:46');
INSERT INTO "Record" VALUES (364,'Ross Township','Continuing Service','Zoning Board of Appeals','Meeting Prep','2021-02-10','2021-02-10 16:00','2021-02-10 16:15','0.25','0','','','04:00 PM','04:15 PM','2021-02-10 16:20:49');
INSERT INTO "Record" VALUES (365,'City of Bangor DDA','Continuing Service','Board/Council','Meeting Prep','2021-02-10','2021-02-10 16:15','2021-02-10 17:00','0.75','0','','','04:15 PM','05:00 PM','2021-02-10 17:03:13');
INSERT INTO "Record" VALUES (367,'Ross Township','Continuing Service','Zoning Board of Appeals','Meeting','2021-02-10','2021-02-10 17:15','2021-02-10 18:00','0.75','0','','','05:15 PM','06:00 PM','2021-02-10 18:47:50');
INSERT INTO "Record" VALUES (368,'City of Bangor DDA','Continuing Service','Board/Council','Meeting','2021-02-10','2021-02-10 18:45','2021-02-10 20:15','1.5','0','','','06:45 PM','08:15 PM','2021-02-10 20:09:23');
INSERT INTO "Record" VALUES (372,'Village of Three Oaks','Continuing Service','Planning Commission','Document Prep','2021-02-11','2021-02-11 16:30','2021-02-11 17:00','0.5','0','SLU public hearing notice','','04:30 PM','05:00 PM','2021-02-11 16:59:50');
INSERT INTO "Record" VALUES (374,'Praireville Township','Continuing Service','Planning/Zoning Consult','','2021-02-11','2021-02-11 11:45','2021-02-11 12:30','0.75','0','Barry County - zoning map updates','','11:45 AM','12:30 PM','2021-02-11 17:03:59');
INSERT INTO "Record" VALUES (375,'Village of Three Oaks','Continuing Service','Planning/Zoning Consult','','2021-02-11','2021-02-11 15:00','2021-02-11 15:30','0.5','0','Village Manager - SLU applications','','03:00 PM','03:30 PM','2021-02-11 17:07:35');
INSERT INTO "Record" VALUES (377,'Praireville Township','Continuing Service','Planning Commission','Meeting Prep','2021-02-11','2021-02-11 18:30','2021-02-11 19:00','0.5','0','','','06:30 PM','07:00 PM','2021-02-11 18:44:09');
INSERT INTO "Record" VALUES (378,'Praireville Township','Continuing Service','Planning Commission','Meeting','2021-02-11','2021-02-11 19:00','2021-02-11 20:15','1.25','0','','','07:00 PM','08:15 PM','2021-02-11 20:23:20');
INSERT INTO "Record" VALUES (379,'Praireville Township','Continuing Service','Planning Commission','Document Prep','2021-02-11','2021-02-11 20:30','2021-02-11 21:15','0.75','0','PC Bylaws; PC Work Plan','','08:30 PM','09:15 PM','2021-02-11 21:13:25');
INSERT INTO "Record" VALUES (380,'Praireville Township','Continuing Service','Communications','','2021-02-11','2021-02-11 20:15','2021-02-11 20:30','0.25','0','Twn Atty - public hearing notice','','08:15 PM','08:30 PM','2021-02-11 21:13:59');
INSERT INTO "Record" VALUES (381,'Village of Three Oaks','Continuing Service','Planning Commission','Document Prep','2021-02-12','2021-02-12 09:30','2021-02-12 10:30','1','0','SLU procedural checklist','','09:30 AM','10:30 AM','2021-02-12 10:34:32');
INSERT INTO "Record" VALUES (382,'Village of Richland','Continuing Service','Planning/Zoning Consult','','2021-02-12','2021-02-12 10:30','2021-02-12 11:30','1','0','Land Division Ordinance','','10:30 AM','11:30 AM','2021-02-12 12:08:21');
INSERT INTO "Record" VALUES (383,'Yankee Springs Township','Continuing Service','Communications','','2021-02-12','2021-02-12 11:30','2021-02-12 12:00','0.5','0','Twn Staff - zoning map','','11:30 AM','12:00 PM','2021-02-12 12:09:11');
INSERT INTO "Record" VALUES (384,'Praireville Township','Continuing Service','Planning Commission','Document Prep','2020-07-07','2020-07-07 09:30','2020-07-07 09:45','0.25','0','Agenda','','09:30 AM','09:45 AM','2021-02-12 16:26:51');
INSERT INTO "Record" VALUES (385,'Praireville Township','Continuing Service','Planning Commission','Meeting','2020-07-09','2020-07-09 19:00','2020-07-09 20:45','1.75','0','','','07:00 PM','08:45 PM','2021-02-12 16:57:35');
INSERT INTO "Record" VALUES (386,'Praireville Township','Continuing Service','Planning Commission','Travel','2020-07-09','2020-07-09 19:45','2020-07-09 20:45','1','0','','','07:45 PM','08:45 PM','2021-02-12 16:58:01');
INSERT INTO "Record" VALUES (387,'Praireville Township','Continuing Service','Planning Commission','Document Prep','2020-07-07','2020-07-07 14:45','2020-07-07 16:45','2','0','Master Plan - 2007/2013 Updates','','02:45 PM','04:45 PM','2021-02-12 17:00:56');
INSERT INTO "Record" VALUES (388,'Praireville Township','Continuing Service','Planning Commission','Document Prep','2020-07-14','2020-07-14 14:45','2020-07-14 15:45','1','0','Master Plan - Chapter 4 updates','','02:45 PM','03:45 PM','2021-02-12 17:01:59');
INSERT INTO "Record" VALUES (390,'Pine Grove Township','Continuing Service','Planning Commission','Document Prep','2020-08-25','2020-08-25 14:00','2020-08-25 18:00','4','0','PC Memo/Draft Text - Accessory Bldgs; Yards; Definitions','','02:00 PM','06:00 PM','2021-02-12 17:08:58');
INSERT INTO "Record" VALUES (391,'Pine Grove Township','Continuing Service','Planning Commission','Meeting Prep','2020-08-31','2020-08-31 14:00','2020-08-31 14:15','0.25','0','','','02:00 PM','02:15 PM','2021-02-12 17:09:40');
INSERT INTO "Record" VALUES (392,'Pine Grove Township','Continuing Service','Planning Commission','Meeting','2020-08-31','2020-08-31 14:00','2020-08-31 15:45','1.75','0','','','02:00 PM','03:45 PM','2021-02-12 17:09:58');
INSERT INTO "Record" VALUES (393,'Pine Grove Township','Continuing Service','Planning Commission','Travel','2020-08-31','2020-08-31 14:00','2020-08-31 14:30','0.5','0','','','02:00 PM','02:30 PM','2021-02-12 17:10:13');
INSERT INTO "Record" VALUES (395,'Praireville Township','Continuing Service','Planning Commission','Document Prep','2020-08-07','2020-08-07 14:00','2020-08-07 15:15','1.25','0','SLU/SPR - Ball','','02:00 PM','03:15 PM','2021-02-12 17:13:38');
INSERT INTO "Record" VALUES (397,'Praireville Township','Continuing Service','Planning Commission','Document Prep','2020-08-07','2020-08-07 14:00','2020-08-07 15:00','1','0','Agenda; PC Memo - Kepner','','02:00 PM','03:00 PM','2021-02-12 17:15:50');
INSERT INTO "Record" VALUES (398,'Praireville Township','Continuing Service','Communications','','2020-08-10','2020-08-10 14:00','2020-08-10 14:15','0.25','0','PC Members','','02:00 PM','02:15 PM','2021-02-12 17:16:49');
INSERT INTO "Record" VALUES (399,'Praireville Township','Continuing Service','Communications','','2020-08-10','2020-08-10 14:00','2020-08-10 14:30','0.5','0','Twn Clerk/PCI - PC meeting','','02:00 PM','02:30 PM','2021-02-12 17:17:31');
INSERT INTO "Record" VALUES (400,'Praireville Township','Continuing Service','Planning/Zoning Consult','','2020-08-13','2020-08-13 14:00','2020-08-13 14:30','0.5','0','Twn Atty ','','02:00 PM','02:30 PM','2021-02-12 17:20:34');
INSERT INTO "Record" VALUES (401,'City of Parchment','Continuing Service','Zoning Board of Appeals','Staff Report','2021-02-15','2021-02-15 09:45','2021-02-15 10:45','1','0','Variance Request - 643 N. Riverview','','09:45 AM','10:45 AM','2021-02-15 16:13:48');
INSERT INTO "Record" VALUES (402,'Yankee Springs Township','Continuing Service','Planning/Zoning Consult','','2021-02-15','2021-02-15 10:45','2021-02-15 11:00','0.25','0','Office Staff - land divisions/zoning map','','10:45 AM','11:00 AM','2021-02-15 16:14:32');
INSERT INTO "Record" VALUES (403,'City of Parchment','Continuing Service','Zoning Board of Appeals','Staff Report','2021-02-15','2021-02-15 15:45','2021-02-15 16:15','0.5','0','Variance Request - 643 N. Riverview','','03:45 PM','04:15 PM','2021-02-15 16:15:23');
INSERT INTO "Record" VALUES (404,'City of Parchment','Continuing Service','Planning Commission','Document Prep','2021-02-15','2021-02-15 16:30','2021-02-15 17:45','1.25','0','Draft #1 - Conditional Rezoning','','04:30 PM','05:45 PM','2021-02-15 17:49:51');
INSERT INTO "Record" VALUES (405,'Ross Township','Continuing Service','Planning/Zoning Consult','','2021-02-16','2021-02-16 07:00','2021-02-16 08:00','1','0','Applicant - Gull Ridge Apartments','','07:00 AM','08:00 AM','2021-02-16 09:19:17');
INSERT INTO "Record" VALUES (406,'Ross Township','Continuing Service','Planning/Zoning Consult','','2021-02-16','2021-02-16 09:30','2021-02-16 11:30','2','0','Applicant - Gull Ridge Apartments','','09:30 AM','11:30 AM','2021-02-16 11:29:31');
INSERT INTO "Record" VALUES (407,'Village of Paw Paw','Continuing Service','Planning/Zoning Consult','','2021-02-16','2021-02-16 11:45','2021-02-16 12:00','0.25','0','Applicant - 153 Commercial Ave','','11:45 AM','12:00 PM','2021-02-16 11:59:17');
INSERT INTO "Record" VALUES (408,'Yankee Springs Township','Continuing Service','Planning/Zoning Consult','','2021-02-16','2021-02-16 12:00','2021-02-16 12:15','0.25','0','Office Staff - text amendments/zoning map','','12:00 PM','12:15 PM','2021-02-16 12:19:40');
INSERT INTO "Record" VALUES (409,'Ross Township','Continuing Service','Communications','','2021-02-17','2021-02-17 09:30','2021-02-17 09:45','0.25','0','PC Chair','','09:30 AM','09:45 AM','2021-02-17 10:35:10');
INSERT INTO "Record" VALUES (410,'City of Parchment','Continuing Service','Planning/Zoning Consult','','2021-02-17','2021-02-17 09:45','2021-02-17 10:30','0.75','0','City Atty - conditional rezoning text','','09:45 AM','10:30 AM','2021-02-17 10:35:45');
INSERT INTO "Record" VALUES (411,'Ross Township','Continuing Service','Planning/Zoning Consult','','2021-02-17','2021-02-17 10:30','2021-02-17 10:45','0.25','0','Twn Atty - multiple family development sketch plan','','10:30 AM','10:45 AM','2021-02-17 11:16:33');
INSERT INTO "Record" VALUES (412,'Ross Township','Continuing Service','Communications','','2021-02-17','2021-02-17 10:45','2021-02-17 11:00','0.25','0','PC Chair/Twn Office - PC meeting','','10:45 AM','11:00 AM','2021-02-17 11:17:09');
INSERT INTO "Record" VALUES (413,'City of Parchment','Continuing Service','Communications','','2021-02-17','2021-02-17 11:00','2021-02-17 11:30','0.5','0','City Manager - PC meeting','','11:00 AM','11:30 AM','2021-02-17 12:08:10');
INSERT INTO "Record" VALUES (414,'Village of Three Oaks','Continuing Service','Planning/Zoning Consult','','2021-02-17','2021-02-17 11:30','2021-02-17 12:00','0.5','0','Village Manager - SPR process','','11:30 AM','12:00 PM','2021-02-17 12:08:56');
INSERT INTO "Record" VALUES (415,'Ross Township','Continuing Service','Communications','','2021-02-17','2021-02-17 12:15','2021-02-17 12:30','0.25','0','PC Chair','','12:15 PM','12:30 PM','2021-02-17 13:46:07');
INSERT INTO "Record" VALUES (416,'Ross Township','Continuing Service','Planning/Zoning Consult','','2021-02-18','2021-02-18 11:15','2021-02-18 11:30','0.25','0','Applicant - multiple family development site plan','','11:15 AM','11:30 AM','2021-02-18 12:16:35');
INSERT INTO "Record" VALUES (417,'City of Parchment','Continuing Service','Planning/Zoning Consult','','2021-02-18','2021-02-18 11:45','2021-02-18 12:15','0.5','0','701 Commerce Lane','','11:45 AM','12:15 PM','2021-02-18 12:17:23');
INSERT INTO "Record" VALUES (419,'Ross Township','Continuing Service','Planning Commission','Meeting Prep','2021-02-18','2021-02-18 09:45','2021-02-18 10:15','0.5','0','','','09:45 AM','10:15 AM','2021-02-18 12:19:06');
INSERT INTO "Record" VALUES (420,'McKenna','Continuing Service','Communications','','2021-02-18','2021-02-18 10:15','2021-02-18 11:30','1.25','0','W. MI Coordinating Call','','10:15 AM','11:30 AM','2021-02-18 15:48:28');
INSERT INTO "Record" VALUES (421,'Yankee Springs Township','Continuing Service','Planning Commission','Meeting Prep','2021-02-18','2021-02-18 14:15','2021-02-18 14:30','0.25','0','','','02:15 PM','02:30 PM','2021-02-18 15:49:49');
INSERT INTO "Record" VALUES (423,'Village of Richland','Continuing Service','Planning/Zoning Consult','','2021-02-18','2021-02-18 15:45','2021-02-18 16:15','0.5','0','Village Clerk - 7822 N. 32nd St','','03:45 PM','04:15 PM','2021-02-18 16:17:27');
INSERT INTO "Record" VALUES (424,'Yankee Springs Township','Continuing Service','Planning Commission','Meeting','2021-02-18','2021-02-18 18:45','2021-02-18 20:30','1.75','0','','','06:45 PM','08:30 PM','2021-02-18 20:49:21');
INSERT INTO "Record" VALUES (425,'City of Parchment','Continuing Service','Planning/Zoning Consult','','2021-02-18','2021-02-18 16:15','2021-02-18 16:30','0.25','0','701 Commerce Lane','','04:15 PM','04:30 PM','2021-02-18 20:50:38');
INSERT INTO "Record" VALUES (426,'City of Parchment','Continuing Service','Planning Commission','Document Prep','2021-02-18','2021-02-18 16:30','2021-02-18 17:00','0.5','0','Draft #3 - PUD district','','04:30 PM','05:00 PM','2021-02-18 20:51:37');
INSERT INTO "Record" VALUES (427,'City of Parchment','Continuing Service','Planning Commission','Document Prep','2021-02-19','2021-02-19 09:45','2021-02-19 13:15','3.5','0','Draft #3 - PUD District','','09:45 AM','01:15 PM','2021-02-19 13:12:31');
INSERT INTO "Record" VALUES (428,'Praireville Township','Continuing Service','Communications','','2020-08-13','2020-08-13 15:00','2020-08-13 16:00','1','0','Twn Clerk/PC Chair/PC V-Chair - PC meeting','','03:00 PM','04:00 PM','2021-02-20 17:20:59');
INSERT INTO "Record" VALUES (429,'Praireville Township','Continuing Service','Planning Commission','Document Prep','2020-08-13','2020-08-13 15:00','2020-08-13 15:30','0.5','0','Master Plan - FLU Map','','03:00 PM','03:30 PM','2021-02-20 17:22:42');
INSERT INTO "Record" VALUES (430,'Praireville Township','Continuing Service','Planning Commission','Document Prep','2020-08-13','2020-08-13 15:00','2020-08-13 16:00','1','0','Graphic - Kepner','','03:00 PM','04:00 PM','2021-02-20 17:23:56');
INSERT INTO "Record" VALUES (431,'Praireville Township','Continuing Service','Planning Commission','Meeting Prep','2020-08-13','2020-08-13 15:00','2020-08-13 15:15','0.25','0','','','03:00 PM','03:15 PM','2021-02-20 17:24:33');
INSERT INTO "Record" VALUES (432,'Praireville Township','Continuing Service','Planning Commission','Meeting','2020-08-13','2020-08-13 19:00','2020-08-13 21:00','2','0','','','07:00 PM','09:00 PM','2021-02-20 17:25:11');
INSERT INTO "Record" VALUES (433,'Praireville Township','Continuing Service','Planning Commission','Travel','2020-08-13','2020-08-13 21:00','2020-08-13 22:00','1','0','','','09:00 PM','10:00 PM','2021-02-20 17:25:27');
INSERT INTO "Record" VALUES (434,'Praireville Township','Continuing Service','Communications','','2020-08-18','2020-08-18 13:00','2020-08-18 13:15','0.25','0','Twn Atty/Twn Clerk','','01:00 PM','01:15 PM','2021-02-20 17:26:24');
INSERT INTO "Record" VALUES (436,'Praireville Township','Continuing Service','Planning Commission','Document Prep','2020-08-20','2020-08-20 13:00','2020-08-20 16:30','3.5','0','August PC Minutes','','01:00 PM','04:30 PM','2021-02-20 17:28:03');
INSERT INTO "Record" VALUES (437,'Praireville Township','Continuing Service','Communications','','2020-08-19','2020-08-19 13:00','2020-08-19 13:15','0.25','0','PC Members','','01:00 PM','01:15 PM','2021-02-20 17:28:24');
INSERT INTO "Record" VALUES (438,'Village of Richland','Continuing Service','Planning/Zoning Consult','','2020-08-06','2020-08-06 13:00','2020-08-06 13:15','0.25','0','Village Clerk','','01:00 PM','01:15 PM','2021-02-20 17:37:48');
INSERT INTO "Record" VALUES (440,'Village of Richland','Continuing Service','Planning/Zoning Consult','','2020-08-18','2020-08-18 13:00','2020-08-18 14:00','1','0','Village Clerk','','01:00 PM','02:00 PM','2021-02-20 17:39:45');
INSERT INTO "Record" VALUES (441,'Pine Grove Township','Continuing Service','Planning Commission','Document Prep','2020-09-21','2020-09-21 13:00','2020-09-21 13:15','0.25','0','Revised Draft Text - Accessory Bldgs; Yards; Definitions','','01:00 PM','01:15 PM','2021-02-20 17:45:53');
INSERT INTO "Record" VALUES (442,'Pine Grove Township','Continuing Service','Planning Commission','Meeting','2020-09-21','2020-09-21 19:00','2020-09-21 20:00','1','0','','','07:00 PM','08:00 PM','2021-02-20 17:46:28');
INSERT INTO "Record" VALUES (443,'Pine Grove Township','Continuing Service','Planning Commission','Travel','2020-09-21','2020-09-21 20:00','2020-09-21 20:30','0.5','0','','','08:00 PM','08:30 PM','2021-02-20 17:46:47');
INSERT INTO "Record" VALUES (444,'Pine Grove Township','Continuing Service','Communications','','2020-09-22','2020-09-22 13:00','2020-09-22 13:15','0.25','0','Twn Atty - text amendment p.h. notice','','01:00 PM','01:15 PM','2021-02-20 17:47:40');
INSERT INTO "Record" VALUES (445,'City of Parchment','Continuing Service','Planning/Zoning Consult','','2020-09-28','2020-09-28 13:00','2020-09-28 13:30','0.5','0','','','01:00 PM','01:30 PM','2021-02-20 17:49:28');
INSERT INTO "Record" VALUES (446,'City of Parchment','Continuing Service','Communications','','2020-09-30','2020-09-30 13:00','2020-09-30 13:15','0.25','0','City Manager','','01:00 PM','01:15 PM','2021-02-20 17:49:52');
INSERT INTO "Record" VALUES (448,'Praireville Township','Continuing Service','Communications','','2020-09-10','2020-09-10 13:00','2020-09-10 13:15','0.25','0','Twn Atty','','01:00 PM','01:15 PM','2021-02-20 17:52:50');
INSERT INTO "Record" VALUES (449,'Praireville Township','Continuing Service','Planning Commission','Meeting','2020-09-10','2020-09-10 19:00','2020-09-10 21:00','2','0','','','07:00 PM','09:00 PM','2021-02-20 17:53:15');
INSERT INTO "Record" VALUES (450,'Praireville Township','Continuing Service','Planning Commission','Travel','2020-09-10','2020-09-10 21:00','2020-09-10 22:00','1','0','','','09:00 PM','10:00 PM','2021-02-20 17:53:29');
INSERT INTO "Record" VALUES (451,'Praireville Township','Continuing Service','Planning Commission','Document Prep','2020-09-17','2020-09-17 13:00','2020-09-17 16:30','3.5','0','September Meeting Minutes','','01:00 PM','04:30 PM','2021-02-20 17:54:16');
INSERT INTO "Record" VALUES (452,'City of Parchment','Continuing Service','Planning Commission','Document Prep','2021-02-22','2021-02-22 09:00','2021-02-22 10:45','1.75','0','Draft #1 - Conditional Rezoning','','09:00 AM','10:45 AM','2021-02-22 10:46:36');
INSERT INTO "Record" VALUES (454,'Ross Township','Continuing Service','Planning Commission','Meeting Prep','2021-02-22','2021-02-22 12:45','2021-02-22 14:15','1.5','0','','','12:45 PM','02:15 PM','2021-02-22 14:17:14');
INSERT INTO "Record" VALUES (455,'Ross Township','Continuing Service','Planning Commission','Meeting Prep','2021-02-22','2021-02-22 10:45','2021-02-22 11:00','0.25','0','','','10:45 AM','11:00 AM','2021-02-22 14:17:45');
INSERT INTO "Record" VALUES (459,'City of Parchment','Continuing Service','Planning/Zoning Consult','','2021-02-22','2021-02-22 15:45','2021-02-22 16:00','0.25','0','City Atty - conditional rezoning text','','03:45 PM','04:00 PM','2021-02-22 16:09:53');
INSERT INTO "Record" VALUES (460,'Ross Township','Contract Project','Project Development','','2021-02-22','2021-02-22 15:15','2021-02-22 15:30','0.25','0','Master Plan - ELU data','','03:15 PM','03:30 PM','2021-02-22 16:10:44');
INSERT INTO "Record" VALUES (462,'City of Parchment','Continuing Service','Planning/Zoning Consult','','2021-02-22','2021-02-22 16:30','2021-02-22 16:45','0.25','0','701 Commerce Lane','','04:30 PM','04:45 PM','2021-02-22 17:50:25');
INSERT INTO "Record" VALUES (463,'Ross Township','Continuing Service','Planning/Zoning Consult','','2021-02-22','2021-02-22 16:00','2021-02-22 16:30','0.5','0','SLU/SPR - Gene''s Marine','','04:00 PM','04:30 PM','2021-02-22 17:51:29');
INSERT INTO "Record" VALUES (464,'Ross Township','Continuing Service','Planning Commission','Meeting','2021-02-22','2021-02-22 17:45','2021-02-22 20:00','2.25','0','','','05:45 PM','08:00 PM','2021-02-23 09:30:26');
INSERT INTO "Record" VALUES (467,'Yankee Springs Township','Continuing Service','Communications','','2021-02-23','2021-02-23 10:00','2021-02-23 10:15','0.25','0','Twn Office - short term rental','','10:00 AM','10:15 AM','2021-02-23 11:11:44');
INSERT INTO "Record" VALUES (468,'Ross Township','Continuing Service','Communications','','2021-02-23','2021-02-23 10:15','2021-02-23 10:30','0.25','0','Twn Clerk','','10:15 AM','10:30 AM','2021-02-23 11:12:38');
INSERT INTO "Record" VALUES (469,'Ross Township','Continuing Service','Zoning Board of Appeals','Document Prep','2021-02-23','2021-02-23 11:15','2021-02-23 13:15','2','0','February Meeting Minutes','','11:15 AM','01:15 PM','2021-02-23 13:11:19');
INSERT INTO "Record" VALUES (471,'Yankee Springs Township','Continuing Service','Planning Commission','Meeting Prep','2021-02-23','2021-02-23 14:30','2021-02-23 17:00','2.5','0','STR Ordinance','','02:30 PM','05:00 PM','2021-02-23 17:11:42');
INSERT INTO "Record" VALUES (472,'Yankee Springs Township','Continuing Service','Planning Commission','Meeting','2021-02-23','2021-02-23 19:45','2021-02-23 20:30','0.75','0','','','07:45 PM','08:30 PM','2021-02-23 20:30:16');
INSERT INTO "Record" VALUES (473,'City of Parchment','Continuing Service','Zoning Board of Appeals','Meeting','2021-02-23','2021-02-23 18:45','2021-02-23 19:30','0.75','0','','','06:45 PM','07:30 PM','2021-02-23 20:30:58');
INSERT INTO "Record" VALUES (474,'City of Hastings','Continuing Service','Planning Commission','Staff Report','2021-02-24','2021-02-24 04:15','2021-02-24 06:45','2.5','0','SLU/SPR - 1005 E. State Street','','04:15 AM','06:45 AM','2021-02-24 06:56:05');
INSERT INTO "Record" VALUES (475,'City of Hastings','Continuing Service','Planning Commission','Document Prep','2021-02-24','2021-02-24 06:45','2021-02-24 08:45','2','0','Revised Chicken Ordinance','','06:45 AM','08:45 AM','2021-02-24 09:58:41');
INSERT INTO "Record" VALUES (476,'City of Hastings','Continuing Service','Planning Commission','Document Prep','2021-02-24','2021-02-24 08:45','2021-02-24 09:30','0.75','0','T.A. - ADUs','','08:45 AM','09:30 AM','2021-02-24 10:00:17');
INSERT INTO "Record" VALUES (477,'City of Hastings','Continuing Service','Planning Commission','Meeting Prep','2021-02-24','2021-02-24 09:45','2021-02-24 10:00','0.25','0','','','09:45 AM','10:00 AM','2021-02-24 10:01:27');
INSERT INTO "Record" VALUES (478,'City of Hastings','Continuing Service','Planning Commission','Document Prep','2021-02-24','2021-02-24 11:00','2021-02-24 12:30','1.5','0','T.A. - ADUs','','11:00 AM','12:30 PM','2021-02-24 12:33:41');
INSERT INTO "Record" VALUES (480,'City of Hastings','Continuing Service','Planning Commission','Staff Report','2021-02-24','2021-02-24 12:30','2021-02-24 14:30','2','0','SPR - 128 N. Michigan','','12:30 PM','02:30 PM','2021-02-24 17:40:06');
INSERT INTO "Record" VALUES (481,'City of Hastings','Continuing Service','Planning Commission','Staff Report','2021-02-24','2021-02-24 15:30','2021-02-24 16:30','1','0','SPR - 128 N. Michigan','','03:30 PM','04:30 PM','2021-02-24 17:40:34');
INSERT INTO "Record" VALUES (482,'City of Parchment','Continuing Service','Planning Commission','Meeting','2021-02-24','2021-02-24 17:45','2021-02-24 19:30','1.75','0','','','05:45 PM','07:30 PM','2021-02-24 19:28:27');
INSERT INTO "Record" VALUES (485,'Village of Richland','Continuing Service','Communications','','2020-09-24','2020-09-24 13:00','2020-09-24 13:15','0.25','0','Village Clerk','','01:00 PM','01:15 PM','2021-02-24 20:20:41');
INSERT INTO "Record" VALUES (486,'Village of Richland','Continuing Service','Planning/Zoning Consult','','2020-10-12','2020-10-12 13:00','2020-10-12 13:15','0.25','0','Village Clerk','','01:00 PM','01:15 PM','2021-02-24 20:22:00');
INSERT INTO "Record" VALUES (492,'Village of Richland','Continuing Service','Communications','','2020-08-07','2020-08-07 19:00','2020-08-07 19:30','0.5','0','P & N - zoning map','','07:00 PM','07:30 PM','2021-02-24 21:40:15');
INSERT INTO "Record" VALUES (494,'Village of Richland','Continuing Service','Planning/Zoning Consult','','2020-08-11','2020-08-11 13:00','2020-08-11 13:15','0.25','0','Village Clerk','','01:00 PM','01:15 PM','2021-02-24 21:46:31');
INSERT INTO "Record" VALUES (497,'Village of Richland','Contract Project','Project Development','','2021-02-24','2021-02-24 13:00','2021-02-24 15:00','2','0','Master Plan - map updates','','01:00 PM','03:00 PM','2021-02-24 21:55:14');
INSERT INTO "Record" VALUES (498,'Village of Richland','Contract Project','Project Development','','2021-02-24','2021-02-24 13:00','2021-02-24 21:00','8','0','Master Plan - text updates','','01:00 PM','09:00 PM','2021-02-24 21:55:36');
INSERT INTO "Record" VALUES (499,'Village of Richland','Contract Project','Project Development','','2021-02-24','2021-02-24 13:00','2021-02-24 15:00','2','0','Master Plan - first draft revisions','','01:00 PM','03:00 PM','2021-02-24 21:57:38');
INSERT INTO "Record" VALUES (500,'Village of Richland','Contract Project','Administrative Deliverable','','2021-02-24','2021-02-24 13:00','2021-02-24 15:00','2','0','Master Plan - distribution; public hearing notice; resolution','','01:00 PM','03:00 PM','2021-02-24 21:58:41');
INSERT INTO "Record" VALUES (502,'Village of Richland','Contract Project','Board/Committee Meeting','','2021-02-24','2021-02-24 09:00','2021-02-24 21:00','12','0','Master Plan','','09:00 AM','09:00 PM','2021-02-24 22:00:35');
INSERT INTO "Record" VALUES (503,'Village of Richland','Contract Project','Project Development','','2021-02-24','2021-02-24 09:00','2021-02-24 10:00','1','0','Master Plan - finalize/submit adopted plan','','09:00 AM','10:00 AM','2021-02-24 22:02:15');
INSERT INTO "Record" VALUES (504,'City of Hastings','Continuing Service','Planning Commission','Document Prep','2021-02-25','2021-02-25 10:15','2021-02-25 11:15','1','0','T.A. - duplexes','','10:15 AM','11:15 AM','2021-02-25 15:26:59');
INSERT INTO "Record" VALUES (505,'Yankee Springs Township','Continuing Service','Communications','','2021-02-25','2021-02-25 11:15','2021-02-25 12:15','1','0','Supervisor/Trustee','','11:15 AM','12:15 PM','2021-02-25 15:27:49');
INSERT INTO "Record" VALUES (506,'Village of Three Oaks','Continuing Service','Communications','','2021-02-25','2021-02-25 12:15','2021-02-25 12:30','0.25','0','PC Chair - PC meeting','','12:15 PM','12:30 PM','2021-02-25 15:28:54');
INSERT INTO "Record" VALUES (507,'Village of Three Oaks','Continuing Service','Communications','','2021-02-25','2021-02-25 12:30','2021-02-25 13:00','0.5','0','Village Manager - pc agenda items','','12:30 PM','01:00 PM','2021-02-25 15:29:33');
INSERT INTO "Record" VALUES (508,'City of Hastings','Continuing Service','Planning Commission','Document Prep','2021-02-25','2021-02-25 14:00','2021-02-25 15:00','1','0','T.A. - duplexes','','02:00 PM','03:00 PM','2021-02-25 15:30:43');
INSERT INTO "Record" VALUES (509,'Ross Township','Continuing Service','Planning/Zoning Consult','','2021-02-25','2021-02-25 15:00','2021-02-25 15:15','0.25','0','AVB - PC application','','03:00 PM','03:15 PM','2021-02-25 15:31:24');
INSERT INTO "Record" VALUES (510,'City of Hastings','Continuing Service','Planning Commission','Staff Report','2021-02-25','2021-02-25 15:15','2021-02-25 16:15','1','0','SPR (revised) - 128 N. Michigan','','03:15 PM','04:15 PM','2021-02-25 16:09:59');
INSERT INTO "Record" VALUES (511,'Yankee Springs Township','Continuing Service','Planning/Zoning Consult','','2021-02-26','2021-02-26 10:30','2021-02-26 11:30','1','0','Twn Atty - STR Ordinance','','10:30 AM','11:30 AM','2021-02-26 11:36:17');
INSERT INTO "Record" VALUES (513,'Ross Township','Continuing Service','Communications','','2021-02-26','2021-02-26 11:30','2021-02-26 11:45','0.25','0','KGIS - MP ELU data','','11:30 AM','11:45 AM','2021-02-26 11:46:22');
INSERT INTO "Record" VALUES (514,'Praireville Township','Continuing Service','Planning Commission','Document Prep','2021-02-26','2021-02-26 11:45','2021-02-26 13:15','1.5','0','February Meeting Minutes','','11:45 AM','01:15 PM','2021-02-26 13:11:46');
INSERT INTO "Record" VALUES (515,'Praireville Township','Continuing Service','Zoning Board of Appeals','Staff Report','2021-03-01','2021-03-01 08:30','2021-03-01 09:00','0.5','0','Variance Request - Kokur','','08:30 AM','09:00 AM','2021-03-01 15:45:08');
INSERT INTO "Record" VALUES (516,'Village of Paw Paw','Continuing Service','Planning/Zoning Consult','Meeting','2021-03-01','2021-03-01 09:30','2021-03-01 10:30','1','0','PP Twn Fire Station','','09:30 AM','10:30 AM','2021-03-01 15:46:20');
INSERT INTO "Record" VALUES (517,'Village of Paw Paw','Continuing Service','Planning/Zoning Consult','Travel','2021-03-01','2021-03-01 10:30','2021-03-01 11:30','1','0','PP Twn Fire Station','','10:30 AM','11:30 AM','2021-03-01 15:46:46');
INSERT INTO "Record" VALUES (518,'Praireville Township','Continuing Service','Zoning Board of Appeals','Staff Report','2021-03-01','2021-03-01 14:00','2021-03-01 15:30','1.5','0','Variance  Request - Kokur','','02:00 PM','03:30 PM','2021-03-01 15:47:34');
INSERT INTO "Record" VALUES (519,'Praireville Township','Continuing Service','Zoning Board of Appeals','Document Prep','2021-03-01','2021-03-01 15:30','2021-03-01 18:30','3','0','December Meeting Minutes','','03:30 PM','06:30 PM','2021-03-01 18:29:04');
INSERT INTO "Record" VALUES (520,'City of Hastings','Continuing Service','Planning Commission','Meeting Prep','2021-03-01','2021-03-01 18:30','2021-03-01 19:00','0.5','0','','','06:30 PM','07:00 PM','2021-03-01 18:29:37');
INSERT INTO "Record" VALUES (521,'City of Hastings','Continuing Service','Planning Commission','Meeting','2021-03-01','2021-03-01 19:00','2021-03-01 20:45','1.75','0','','','07:00 PM','08:45 PM','2021-03-01 20:52:04');
INSERT INTO "Record" VALUES (522,'Ross Township','Contract Project','Project Development','','2021-03-02','2021-03-02 09:15','2021-03-02 09:30','0.25','0','KGIS - MP ELU data','','09:15 AM','09:30 AM','2021-03-02 09:26:24');
INSERT INTO "Record" VALUES (523,'Covert Township','Continuing Service','Zoning Board of Appeals','Document Prep','2021-03-02','2021-03-02 09:45','2021-03-02 10:15','0.5','0','Variance public hearing notice','','09:45 AM','10:15 AM','2021-03-02 10:19:26');
INSERT INTO "Record" VALUES (525,'Yankee Springs Township','Continuing Service','Planning/Zoning Consult','','2021-03-02','2021-03-02 11:00','2021-03-02 11:45','0.75','0','Twn Atty - STR Ordinance','','11:00 AM','11:45 AM','2021-03-02 11:41:46');
INSERT INTO "Record" VALUES (526,'Village of Three Oaks','Continuing Service','Communications','','2021-03-02','2021-03-02 11:45','2021-03-02 12:00','0.25','0','PC Chair - PC meeting','','11:45 AM','12:00 PM','2021-03-02 12:10:50');
INSERT INTO "Record" VALUES (527,'City of Hastings','Continuing Service','Planning/Zoning Consult','','2021-03-02','2021-03-02 12:00','2021-03-02 12:15','0.25','0','CDD - building height in B-1','','12:00 PM','12:15 PM','2021-03-02 12:19:57');
INSERT INTO "Record" VALUES (528,'Ross Township','Continuing Service','Planning/Zoning Consult','Meeting Prep','2021-03-02','2021-03-02 12:15','2021-03-02 12:45','0.5','0','Allendale Park Project','','12:15 PM','12:45 PM','2021-03-02 12:48:10');
INSERT INTO "Record" VALUES (529,'Ross Township','Contract Project','Project Development','','2021-03-02','2021-03-02 14:15','2021-03-02 14:30','0.25','0','KGIS - MP ELU Map','','02:15 PM','02:30 PM','2021-03-02 14:23:58');
INSERT INTO "Record" VALUES (531,'Village of Three Oaks','Continuing Service','Planning Commission','Meeting Prep','2021-03-02','2021-03-02 15:00','2021-03-02 16:30','1.5','0','','','03:00 PM','04:30 PM','2021-03-02 16:40:53');
INSERT INTO "Record" VALUES (532,'Praireville Township','Continuing Service','Communications','','2020-09-22','2020-09-22 15:00','2020-09-22 15:30','0.5','0','Twn Atty - public hearing notice','','03:00 PM','03:30 PM','2021-03-02 17:54:45');
INSERT INTO "Record" VALUES (534,'Praireville Township','Continuing Service','Planning Commission','Document Prep','2020-10-02','2020-10-02 15:00','2020-10-02 16:00','1','0','Agenda; Accessory Building Summary Sheet','','03:00 PM','04:00 PM','2021-03-02 17:58:29');
INSERT INTO "Record" VALUES (536,'Praireville Township','Continuing Service','Planning Commission','Staff Report','2020-10-02','2020-10-02 15:00','2020-10-02 17:00','2','0','SLU/SPR - Carr','','03:00 PM','05:00 PM','2021-03-02 18:00:12');
INSERT INTO "Record" VALUES (537,'Praireville Township','Continuing Service','Communications','','2020-10-05','2020-10-05 15:00','2020-10-05 15:15','0.25','0','Twn Atty - PC meeting','','03:00 PM','03:15 PM','2021-03-02 18:01:19');
INSERT INTO "Record" VALUES (538,'Praireville Township','Continuing Service','Planning Commission','Meeting Prep','2020-10-08','2020-10-08 15:00','2020-10-08 15:15','0.25','0','','','03:00 PM','03:15 PM','2021-03-02 18:01:43');
INSERT INTO "Record" VALUES (539,'Praireville Township','Continuing Service','Planning Commission','Meeting','2020-10-08','2020-10-08 15:00','2020-10-08 16:00','1','0','','','03:00 PM','04:00 PM','2021-03-02 18:02:00');
INSERT INTO "Record" VALUES (540,'Praireville Township','Continuing Service','Planning Commission','Travel','2020-10-08','2020-10-08 15:00','2020-10-08 16:00','1','0','','','03:00 PM','04:00 PM','2021-03-02 18:02:12');
INSERT INTO "Record" VALUES (541,'Praireville Township','Continuing Service','Planning/Zoning Consult','','2020-10-09','2020-10-09 15:00','2020-10-09 15:15','0.25','0','PCI - Carr application','','03:00 PM','03:15 PM','2021-03-02 18:02:44');
INSERT INTO "Record" VALUES (542,'Praireville Township','Continuing Service','Planning Commission','Document Prep','2020-10-09','2020-10-09 15:00','2020-10-09 15:30','0.5','0','Text Amendment - Section 4.20','','03:00 PM','03:30 PM','2021-03-02 18:04:27');
INSERT INTO "Record" VALUES (545,'Praireville Township','Continuing Service','Zoning Board of Appeals','Staff Report','2020-10-27','2020-10-27 15:00','2020-10-27 18:00','3','0','Variance Request - Dattilo','','03:00 PM','06:00 PM','2021-03-02 18:07:47');
INSERT INTO "Record" VALUES (547,'Praireville Township','Continuing Service','Zoning Board of Appeals','Meeting Prep','2020-11-04','2020-11-04 15:00','2020-11-04 15:15','0.25','0','','','03:00 PM','03:15 PM','2021-03-02 18:09:20');
INSERT INTO "Record" VALUES (548,'Praireville Township','Continuing Service','Zoning Board of Appeals','Meeting','2020-11-04','2020-11-04 15:00','2020-11-04 16:00','1','0','','','03:00 PM','04:00 PM','2021-03-02 18:09:34');
INSERT INTO "Record" VALUES (549,'Praireville Township','Continuing Service','Zoning Board of Appeals','Travel','2020-11-04','2020-11-04 15:00','2020-11-04 16:00','1','0','','','03:00 PM','04:00 PM','2021-03-02 18:09:41');
INSERT INTO "Record" VALUES (550,'Praireville Township','Continuing Service','Planning/Zoning Consult','','2020-11-09','2020-11-09 15:00','2020-11-09 15:30','0.5','0','PCI','','03:00 PM','03:30 PM','2021-03-02 18:10:22');
INSERT INTO "Record" VALUES (551,'Praireville Township','Continuing Service','Planning/Zoning Consult','','2020-11-17','2020-11-17 15:00','2020-11-17 15:15','0.25','0','PCI','','03:00 PM','03:15 PM','2021-03-02 18:10:52');
INSERT INTO "Record" VALUES (552,'Praireville Township','Continuing Service','Zoning Board of Appeals','Document Prep','2020-10-27','2020-10-27 15:00','2020-10-27 15:15','0.25','0','Agenda','','03:00 PM','03:15 PM','2021-03-03 08:59:57');
INSERT INTO "Record" VALUES (553,'Praireville Township','Continuing Service','Planning Commission','Document Prep','2020-10-22','2020-10-22 15:00','2020-10-22 17:00','2','0','October Meeting Minutes','','03:00 PM','05:00 PM','2021-03-03 09:04:38');
INSERT INTO "Record" VALUES (554,'Praireville Township','Continuing Service','Planning Commission','Document Prep','2020-11-12','2020-11-12 15:00','2020-11-12 15:15','0.25','0','Agenda','','03:00 PM','03:15 PM','2021-03-03 09:12:50');
INSERT INTO "Record" VALUES (555,'Praireville Township','Continuing Service','Planning Commission','Staff Report','2020-11-12','2020-11-12 15:00','2020-11-12 16:00','1','0','SLU/SPR - Carr','','03:00 PM','04:00 PM','2021-03-03 09:13:36');
INSERT INTO "Record" VALUES (556,'Praireville Township','Continuing Service','Planning Commission','Document Prep','2020-11-12','2020-11-12 15:00','2020-11-12 15:15','0.25','0','Text Amendment - Section 4.20','','03:00 PM','03:15 PM','2021-03-03 09:14:13');
INSERT INTO "Record" VALUES (557,'Praireville Township','Continuing Service','Planning Commission','Document Prep','2020-11-12','2020-11-12 15:00','2020-11-12 16:00','1','0','Text Amendment - Sections 4.13/6.11','','03:00 PM','04:00 PM','2021-03-03 09:14:51');
INSERT INTO "Record" VALUES (558,'Praireville Township','Continuing Service','Planning Commission','Document Prep','2020-11-12','2020-11-12 15:00','2020-11-12 16:30','1.5','0','PC Memo - HWL','','03:00 PM','04:30 PM','2021-03-03 09:15:23');
INSERT INTO "Record" VALUES (559,'Praireville Township','Continuing Service','Planning Commission','Meeting','2020-11-12','2020-11-12 15:00','2020-11-12 16:45','1.75','0','','','03:00 PM','04:45 PM','2021-03-03 09:15:52');
INSERT INTO "Record" VALUES (560,'Praireville Township','Continuing Service','Planning Commission','Document Prep','2020-11-15','2020-11-15 15:00','2020-11-15 18:30','3.5','0','November Meeting Minutes','','03:00 PM','06:30 PM','2021-03-03 09:16:51');
INSERT INTO "Record" VALUES (561,'Praireville Township','Continuing Service','Zoning Board of Appeals','Document Prep','2020-11-07','2020-11-07 15:00','2020-11-07 17:00','2','0','November Meeting Minutes','','03:00 PM','05:00 PM','2021-03-03 09:21:43');
INSERT INTO "Record" VALUES (562,'Praireville Township','Continuing Service','Zoning Board of Appeals','Document Prep','2020-12-02','2020-12-02 15:00','2020-12-02 15:15','0.25','0','Agenda','','03:00 PM','03:15 PM','2021-03-03 09:22:37');
INSERT INTO "Record" VALUES (563,'Praireville Township','Continuing Service','Zoning Board of Appeals','Staff Report','2020-12-02','2020-12-02 15:00','2020-12-02 16:30','1.5','0','Variance Request - Dattilo','','03:00 PM','04:30 PM','2021-03-03 09:23:39');
INSERT INTO "Record" VALUES (564,'Praireville Township','Continuing Service','Zoning Board of Appeals','Staff Report','2020-12-02','2020-12-02 15:00','2020-12-02 17:00','2','0','Variance Request - Stoneburner','','03:00 PM','05:00 PM','2021-03-03 09:24:02');
INSERT INTO "Record" VALUES (566,'Praireville Township','Continuing Service','Zoning Board of Appeals','Document Prep','2020-12-06','2020-12-06 19:00','2020-12-06 22:00','3','0','December Meeting Minutes','','07:00 PM','10:00 PM','2021-03-03 09:26:33');
INSERT INTO "Record" VALUES (567,'Praireville Township','Continuing Service','Zoning Board of Appeals','Meeting','2020-12-02','2020-12-02 19:00','2020-12-02 20:30','1.5','0','','','07:00 PM','08:30 PM','2021-03-03 09:26:58');
INSERT INTO "Record" VALUES (568,'Praireville Township','Continuing Service','Planning Commission','Document Prep','2021-01-07','2021-01-07 12:00','2021-01-07 15:00','3','0','2020 PC Annual Report','','12:00 PM','03:00 PM','2021-03-03 09:47:41');
INSERT INTO "Record" VALUES (569,'Praireville Township','Continuing Service','Planning Commission','Document Prep','2021-01-07','2021-01-07 12:00','2021-01-07 13:00','1','0','2021 PC Work Plan','','12:00 PM','01:00 PM','2021-03-03 09:49:27');
INSERT INTO "Record" VALUES (570,'Praireville Township','Continuing Service','Planning Commission','Document Prep','2021-01-07','2021-01-07 12:00','2021-01-07 12:30','0.5','0','2021 PC Meeting Schedule','','12:00 PM','12:30 PM','2021-03-03 09:49:59');
INSERT INTO "Record" VALUES (571,'Praireville Township','Continuing Service','Planning Commission','Document Prep','2021-01-07','2021-01-07 12:00','2021-01-07 15:00','3','0','PC Memo - Whitney Application','','12:00 PM','03:00 PM','2021-03-03 09:50:50');
INSERT INTO "Record" VALUES (572,'Praireville Township','Continuing Service','Planning Commission','Document Prep','2021-01-07','2021-01-07 12:00','2021-01-07 12:15','0.25','0','Agenda','','12:00 PM','12:15 PM','2021-03-03 09:52:11');
INSERT INTO "Record" VALUES (573,'Ross Township','Continuing Service','Planning/Zoning Consult','','2021-03-03','2021-03-03 10:00','2021-03-03 11:15','1.25','0','Allendale Park Rezoning','','10:00 AM','11:15 AM','2021-03-03 11:19:33');
INSERT INTO "Record" VALUES (574,'City of Hastings','Continuing Service','Planning Commission','Document Prep','2021-03-03','2021-03-03 15:00','2021-03-03 16:00','1','0','T.A. - keeping of chickens','','03:00 PM','04:00 PM','2021-03-03 16:08:13');
INSERT INTO "Record" VALUES (576,'Ross Township','Continuing Service','Zoning Board of Appeals','Meeting Prep','2021-03-03','2021-03-03 16:15','2021-03-03 16:30','0.25','0','','','04:15 PM','04:30 PM','2021-03-03 16:40:45');
INSERT INTO "Record" VALUES (577,'Praireville Township','Continuing Service','Zoning Board of Appeals','Meeting Prep','2021-03-03','2021-03-03 16:30','2021-03-03 16:45','0.25','0','','','04:30 PM','04:45 PM','2021-03-03 16:46:14');
INSERT INTO "Record" VALUES (578,'Praireville Township','Continuing Service','Zoning Board of Appeals','Meeting','2021-03-03','2021-03-03 17:30','2021-03-03 18:30','1','0','','','05:30 PM','06:30 PM','2021-03-03 18:37:24');
INSERT INTO "Record" VALUES (579,'Praireville Township','Continuing Service','Planning/Zoning Consult','Travel','2021-03-03','2021-03-03 12:00','2021-03-03 13:00','1','0','Gull Ridge Apartments site plan','','12:00 PM','01:00 PM','2021-03-03 18:38:41');
INSERT INTO "Record" VALUES (580,'Praireville Township','Continuing Service','Zoning Board of Appeals','Meeting','2021-03-03','2021-03-03 19:00','2021-03-03 20:00','1','0','','','07:00 PM','08:00 PM','2021-03-03 20:02:52');
INSERT INTO "Record" VALUES (581,'Praireville Township','Continuing Service','Planning Commission','Document Prep','2020-07-29','2020-07-29 14:00','2020-07-29 14:30','0.5','0','Master Plan - map updates','','02:00 PM','02:30 PM','2021-03-03 20:07:12');
INSERT INTO "Record" VALUES (582,'Praireville Township','Continuing Service','Planning Commission','Document Prep','2020-08-06','2020-08-06 14:00','2020-08-06 15:30','1.5','0','Master Plan - map updates','','02:00 PM','03:30 PM','2021-03-03 20:09:16');
INSERT INTO "Record" VALUES (583,'Praireville Township','Continuing Service','Planning/Zoning Consult','','2020-08-07','2020-08-07 14:00','2020-08-07 14:45','0.75','0','Twn Atty - Kepner','','02:00 PM','02:45 PM','2021-03-03 20:10:29');
INSERT INTO "Record" VALUES (584,'Praireville Township','Continuing Service','Planning Commission','Document Prep','2020-07-12','2020-07-12 14:00','2020-07-12 16:00','2','0','July Meeting Minutes','','02:00 PM','04:00 PM','2021-03-03 20:18:38');
INSERT INTO "Record" VALUES (586,'Praireville Township','Continuing Service','Planning Commission','Document Prep','2020-09-07','2020-09-07 13:00','2020-09-07 13:45','0.75','0','Agenda; Text Amendment - Sections 4.13-9/6.11-1','','01:00 PM','01:45 PM','2021-03-03 20:34:30');
INSERT INTO "Record" VALUES (587,'Praireville Township','Continuing Service','Board/Council','Document Prep','2020-12-16','2020-12-16 13:00','2020-12-16 22:00','9','0','Updated Zoning Ordinance','','01:00 PM','10:00 PM','2021-03-03 20:40:52');
INSERT INTO "Record" VALUES (588,'Praireville Township','Continuing Service','Planning Commission','Document Prep','2021-02-09','2021-02-09 15:15','2021-02-09 16:30','1.25','0','Revised 2021 PC Work Plan','','03:15 PM','04:30 PM','2021-03-03 20:51:30');
INSERT INTO "Record" VALUES (589,'Yankee Springs Township','Continuing Service','Planning/Zoning Consult','','2021-03-03','2021-03-03 21:00','2021-03-03 21:15','0.25','0','Twn Atty - STR Ordinance','','09:00 PM','09:15 PM','2021-03-03 21:19:31');
INSERT INTO "Record" VALUES (590,'City of Hastings','Continuing Service','Planning/Zoning Consult','','2021-03-04','2021-03-04 10:30','2021-03-04 12:00','1.5','0','CDD - building height in B-1 District','','10:30 AM','12:00 PM','2021-03-04 11:53:35');
INSERT INTO "Record" VALUES (591,'Village of Richland','Continuing Service','Planning/Zoning Consult','','2021-03-04','2021-03-04 12:00','2021-03-04 12:15','0.25','0','Land Division Ordinance','','12:00 PM','12:15 PM','2021-03-04 12:10:57');
INSERT INTO "Record" VALUES (593,'Village of Paw Paw','Continuing Service','Planning Commission','Document Prep','2021-03-08','2021-03-08 08:30','2021-03-08 08:45','0.25','0','SLU/SPR - public hearing notice','','08:30 AM','08:45 AM','2021-03-08 08:42:42');
INSERT INTO "Record" VALUES (594,'Village of Paw Paw','Continuing Service','Planning Commission','Document Prep','2021-03-08','2021-03-08 09:15','2021-03-08 09:30','0.25','0','Agenda','','09:15 AM','09:30 AM','2021-03-08 11:29:41');
INSERT INTO "Record" VALUES (595,'Village of Paw Paw','Continuing Service','Planning Commission','Staff Report','2021-03-08','2021-03-08 11:30','2021-03-08 13:30','2','0','Sketch Plan Review - Fire Station','','11:30 AM','01:30 PM','2021-03-08 14:40:16');
INSERT INTO "Record" VALUES (596,'Village of Paw Paw','Continuing Service','Planning Commission','Document Prep','2021-03-08','2021-03-08 14:45','2021-03-08 16:45','2','0','February Meeting Minutes','','02:45 PM','04:45 PM','2021-03-08 16:44:13');
INSERT INTO "Record" VALUES (597,'Praireville Township','Continuing Service','Planning Commission','Document Prep','2021-03-08','2021-03-08 17:00','2021-03-08 17:15','0.25','0','Agenda','','05:00 PM','05:15 PM','2021-03-08 17:59:06');
INSERT INTO "Record" VALUES (598,'Praireville Township','Continuing Service','Communications','','2021-03-08','2021-03-08 17:15','2021-03-08 18:00','0.75','0','Twn Atty - rezoning public hearing notice','','05:15 PM','06:00 PM','2021-03-08 17:59:56');
INSERT INTO "Record" VALUES (599,'Village of Three Oaks','Continuing Service','Communications','','2021-03-08','2021-03-08 18:00','2021-03-08 19:00','1','0','Village Manager/Atty - marihuana application process','','06:00 PM','07:00 PM','2021-03-08 19:09:34');
INSERT INTO "Record" VALUES (600,'Village of Three Oaks','Continuing Service','Planning Commission','Meeting','2021-03-02','2021-03-02 19:00','2021-03-02 20:00','1','0','','','07:00 PM','08:00 PM','2021-03-08 19:14:04');
INSERT INTO "Record" VALUES (601,'Praireville Township','Continuing Service','Planning/Zoning Consult','','2021-03-04','2021-03-04 09:45','2021-03-04 10:00','0.25','0','Cooper - land division application','','09:45 AM','10:00 AM','2021-03-08 19:21:09');
INSERT INTO "Record" VALUES (602,'Village of Richland','Continuing Service','Planning/Zoning Consult','','2021-03-04','2021-03-04 14:15','2021-03-04 16:15','2','0','Land Division Ordinance','','02:15 PM','04:15 PM','2021-03-08 19:24:31');
INSERT INTO "Record" VALUES (603,'Praireville Township','Continuing Service','Planning Commission','','2021-03-09','2021-03-09 07:15','2021-03-09 07:30','0.25','0','Communications','','07:15 AM','07:30 AM','2021-03-09 07:40:30');
INSERT INTO "Record" VALUES (604,'Yankee Springs Township','Continuing Service','Zoning Board of Appeals','Staff Report','2021-03-09','2021-03-09 07:45','2021-03-09 08:00','0.25','0','Variance Request - Flynn','','07:45 AM','08:00 AM','2021-03-09 07:58:08');
INSERT INTO "Record" VALUES (605,'Yankee Springs Township','Continuing Service','Zoning Board of Appeals','Staff Report','2021-03-09','2021-03-09 09:45','2021-03-09 12:00','2.25','0','Variance Request - Flynn','','09:45 AM','12:00 PM','2021-03-09 12:21:43');
INSERT INTO "Record" VALUES (606,'Praireville Township','Continuing Service','Planning Commission','','2021-03-09','2021-03-09 12:45','2021-03-09 13:15','0.5','0','Communications','','12:45 PM','01:15 PM','2021-03-09 13:10:58');
INSERT INTO "Record" VALUES (607,'Village of Richland','Continuing Service','Planning/Zoning Consult','','2021-03-09','2021-03-09 13:15','2021-03-09 14:15','1','0','Land Division Ordinance','','01:15 PM','02:15 PM','2021-03-09 16:40:35');
INSERT INTO "Record" VALUES (608,'Village of Richland','Continuing Service','Planning/Zoning Consult','','2021-03-09','2021-03-09 15:30','2021-03-09 16:45','1.25','0','Land Division Ordinance','','03:30 PM','04:45 PM','2021-03-09 16:40:52');
COMMIT;
